Id,RawCoord1,RawCoord2,RawCoord3,RawCoord4,RawCoord5,RawCoord6,RawCoord7,RawCoord8,RawCoord9,RawCoord10,RawCoord11,RawCoord12,RawCoord13,RawCoord14,RawCoord15,RawCoord16,RawCoord17,RawCoord18,RawCoord19,RawCoord20,RawCoord21,RawCoord22,RawCoord23,RawCoord24,RawCoord25,RawCoord26,RawCoord27,RawCoord28,RawCoord29,RawCoord30,RawCoord31,RawCoord32,RawCoord33,RawCoord34,RawCoord35,RawCoord36,RawCoord37,RawCoord38,RawCoord39,RawCoord40,RawCoord41,RawCoord42,RawCoord43,RawCoord44,RawCoord45,RawCoord46,RawCoord47,RawCoord48,RawCoord49,RawCoord50,RawCoord51,RawCoord52,RawCoord53,RawCoord54,RawCoord55,RawCoord56,RawCoord57,RawCoord58,RawCoord59,RawCoord60,RawCoord61,RawCoord62,RawCoord63,RawCoord64,RawCoord65,RawCoord66,RawCoord67,RawCoord68,RawCoord69,RawCoord70,RawCoord71,RawCoord72,RawCoord73,RawCoord74,RawCoord75,RawCoord76,RawCoord77,RawCoord78,RawCoord79,RawCoord80,RawCoord81,RawCoord82,RawCoord83,RawCoord84,RawCoord85,RawCoord86,RawCoord87,RawCoord88,RawCoord89,RawCoord90,RawCoord91,RawCoord92,RawCoord93,RawCoord94,RawCoord95,RawCoord96,RawCoord97,RawCoord98,RawCoord99,RawCoord100,RawCoord101,RawCoord102,RawCoord103,RawCoord104,RawCoord105,RawCoord106,RawCoord107,RawCoord108,RawCoord109,RawCoord110,RawCoord111,RawCoord112,RawCoord113,RawCoord114,RawCoord115,RawCoord116,RawCoord117,RawCoord118,RawCoord119,RawCoord120,RawCoord121,RawCoord122,RawCoord123,RawCoord124,RawCoord125,RawCoord126,RawCoord127,RawCoord128,RawCoord129,RawCoord130,RawCoord131,RawCoord132,RawCoord133,RawCoord134,RawCoord135,RawCoord136,RawCoord137,RawCoord138,RawCoord139,RawCoord140,RawCoord141,RawCoord142,RawCoord143,RawCoord144,RawCoord145,RawCoord146,RawCoord147,RawCoord148,RawCoord149,RawCoord150,RawCoord151,RawCoord152,RawCoord153,RawCoord154,RawCoord155,RawCoord156,RawCoord157,RawCoord158,RawCoord159,RawCoord160,RawCoord161,RawCoord162,RawCoord163,RawCoord164,RawCoord165,RawCoord166,RawCoord167,RawCoord168,RawCoord169,RawCoord170,RawCoord171,RawCoord172,RawCoord173,RawCoord174,RawCoord175,RawCoord176,RawCoord177,RawCoord178,RawCoord179,RawCoord180,RawCoord181,RawCoord182,RawCoord183
Acontias_meleagris,9113.1426,14408.585,7109.3477,9738.1133,13118.367,6823.0425,9551.9678,11490.435,7057.6216,10150.384,8952.7617,7431.4873,9671.9023,9446.4541,8182.6943,9597.3604,9211.1582,8285.0029,9499.5234,8150.6514,7487.6865,9569.9023,8281.9834,7828.4546,9405.7021,5530.0664,7821.6768,8582.832,14337.741,7070.6938,7986.501,13097.492,6794.5444,8155.1045,11489.79,7014.3369,7501.5557,9041.5391,7430.3994,7930.1992,9419.0352,8163.0464,8024.7808,9209.3633,8317.3164,8210.0713,8125.4692,7494.3159,8059.7207,8279.0576,7780.8398,8241.1074,5557.3467,7734.4492,8296.9355,8435.2227,6346.9443,7816.1387,8411.4609,6747.1025,8291.3467,8127.9463,6690.4224,8563.2988,8201.5049,6751.353,8979.1572,8213.6162,6770.4429,9298.5029,8100.8574,6720.2358,9429.1387,8453.8711,6297.8315,9911.7793,8436.3721,6745.124,8649.832,7784.7388,7097.1494,8978.0117,7800.1313,7112.3423,8880.1719,6382.2168,9355.1191,8829.1465,7030.8389,7578.522,8900.7646,7027.2925,7584.5713,8757.1387,7030.0537,7593.0322,9069.8857,7102.5938,7787.8271,8620.4756,7082.1875,7756.2861,9153.7461,7187.6895,7899.0083,8488.918,7160.9663,7892.2729,9257.5332,7281.3384,8051.3086,8393.9814,7280.3862,8040.6787,9364.5215,7357.2617,8193.0166,8294.6035,7359.0176,8168.1553,8813.8115,6943.3589,7874.7393,8825.1357,7038.6152,7828.3467,8830.3193,10730.887,8105.8467,8809.4238,8773.3623,8949.4365,8793.4102,8577.3457,8591.7002,8842.5479,7475.7915,9535.0303,8832.0527,5432.6064,8275.2559,8875.9766,7273.876,7887.9805,8754.0215,7286.6514,7901.8086,8997.54,7054.4204,7680.75,8691.5859,7054.5923,7656.3911,8983.833,7499.3999,7386.6357,8703.8145,7503.9956,7365.6323,8821.5518,10040.615,8552.8008,8811.5068,9095.6826,9064.3135,9884.96,7293.4346,9151.5166,7752,7259.2891,9030.6045,9234.4014,7982.957,7216.4297,8421.5762,7968.3721,7184.5063,8805.1973,5690.9136,7332.894,8832.5732,8606.0752,7609.0542
Anguis_fragilis,9147.1055,15862.887,7746.438,9650.5049,14867.091,7236.3213,9630.8525,12670.161,7185.6206,10462.999,10789.43,6866.6846,9987.8438,10077.603,8305.6367,9896.0361,9216.9541,8186.2441,10142.896,8322.3447,7353.6167,10005.768,8343.7578,7726.9004,9556.083,4691.707,7683.062,8563.46,15867.307,7738.8721,8098.1489,14881.51,7281.3711,8021.7363,12669.463,7186.3145,7177.8301,10762.076,7062.3408,7666.9629,10094.287,8278.5557,7749.3701,9275.6855,8225.0371,7505.6367,8323.792,7425.0249,7696.1577,8333.1514,7816.0244,8150.4233,4731.0225,7622.5371,8167.731,9581.6064,5857.5596,7563.1675,9011.2744,7550.8193,8010.9717,8906.5918,6573.3022,8580.3916,9111.3447,6496.8662,9180.1621,9080.2627,6430.6826,9733.7549,8904.8887,6651.4658,9551.3203,9620.7529,5866.1118,10078.45,8975.7607,7441.5024,8266.4736,8054.5864,6491.752,9524.0947,8124.1909,6499.4121,8901.3545,5460.5376,9216.7695,8797.0527,7052.0513,6852.4697,9022.6221,7058.2852,6861.6348,8555.2158,7071.9883,6864.7104,9530.5967,7004.3105,7143.8374,8124.9199,7036.6851,7173.6216,9640.7871,6998.2358,7412.2583,8038.106,7034.793,7436.5366,9602.4932,7069.7183,7727.8457,8095.5732,7063.1973,7779.6997,9696.4072,7045.2109,8000.7383,8050.6787,6988.5322,8016.5947,8827.8604,6808.6455,7477.6519,8841.127,7151.0723,7452.2207,8827.0029,10844.548,8317.9082,8853.5332,8996.8223,9557.3506,8835.0254,8481.9971,8637.8535,8908.0693,6874.2627,9584.9775,8843.8057,4553.647,8169.8198,9135.4434,7270.7705,7493.4995,8647.2207,7265.0283,7492.7109,9293.7568,7029.46,6956.7749,8324.6025,7065.4019,6965.8506,9479.3486,7446.585,7159.6187,8265.6641,7442.6294,7104.5947,8829.0635,10615.8,8631.8809,8840.4561,9128.3799,9617.9814,10024.392,6968.2808,8568.1943,7638.3662,6965.5513,8571.1504,9910.1895,8661.8242,6930.5981,7785.0723,8599.041,6785.3267,8845.9385,4687.394,7132.7695,8825.1572,8901.084,7171.0977
Basiliscus_vittatus,9549.2354,20326.148,8404.1016,10021.269,19562.223,7979.3413,9426.6348,14170.487,5649.4717,11757.844,12330.822,4875.501,11105.199,11012.401,7917.6279,11091.48,10001.47,8763.7051,11765.453,8388.5449,7138.3701,11217.617,9321.5371,8904.3379,9838.6895,3658.0254,9044.5488,8216.1084,20339.842,8365.0332,7644.2002,19690.076,8193.3096,8308.6426,14218.177,5598.6274,5938.6035,12226.389,4892.0566,6583.7041,10944.313,7808.3291,6732.001,10174.011,8829.2266,5934.0986,8302.2305,6990.9995,6454.7646,9647.6445,8747.9551,7664.916,3725.6499,9073.124,7594.25,10249.066,4023.373,6389.144,9371.2129,5769.665,7744.1504,8534.4658,5074.813,8349.7813,8647.3711,5140.792,9326.4941,8652.4922,5222.5762,9764.3271,8462.9111,5128.8936,10146.772,10298.878,4049.8325,11466.737,9510.8525,6087.5,7505.1191,8052.209,5199.2954,10043.119,8008.8076,5291.3867,8796.5283,4982.5835,11448.161,8875.5938,6712.6064,6038.71,9377.168,6661.8354,6104.2749,8366.207,6690.1904,6054.5366,10267.933,6433.937,7062.6055,7414.2471,6493.6914,7097.5205,10661.672,6509.335,8210.2344,7006.5752,6562.0781,8141.9087,10548.908,6493.292,8756.4824,7152.2212,6572.2837,8861.1885,10540.74,6660.8945,9161.9131,7168.623,6610.4639,9166.248,8765.8623,4943.5913,7899.8486,8848.5498,6205.7388,8168.4473,8862.5176,12358.816,7685.4009,8818.1514,9413.1084,10919.996,8804.4873,8798.7705,10347.292,8871.4297,6810.0659,11601.495,8742.4736,3458.4319,10116.496,9202.8564,6418.8887,7929.3315,8607.3789,6383.6426,7849.8545,9818.3447,6516.4233,6358.585,7868.7178,6542.4355,6346.2339,9939.166,6593.835,7694.7256,7632.7598,6594.6543,7634.8599,8804.1162,12048.565,8893.1064,8834.4395,9907.9941,11026.189,10933.313,6863.8447,10172.375,6643.9014,6814.124,10209.095,11233.574,8812.1152,5662.1953,6404.3428,8736.3027,5597.041,8833.2295,3835.813,8241.4238,8847.7236,9171.4473,6931.1978
Blanus_cinereus,9005.7021,12508.756,6868.4507,9501.3057,11951.219,6867.1563,9481.9883,11081.592,7103.1123,9887.6113,9418.7783,7434.7666,9375.6318,9500.248,8305.2314,9367.2363,9181.9785,8309.0234,9356.3301,8512.4893,7270.1787,9391.1377,8709.0098,7818.998,9297.6738,7143.6045,7736.7666,8807.833,12497.379,6867.1104,8308.5107,11925.272,6795.4731,8290.4766,11016.991,7066.5376,7777.6162,9386.4746,7422.3286,8072.8267,9514.0898,8105.9121,8182.9312,9207.1152,8181.6782,8412.7412,8452.3516,7174.0723,8278.998,8685.3281,7659.4585,8392.8457,7154.5708,7663.1011,8668.5156,9006.3057,6786.9795,8233.0791,8655.9375,7223.5752,8296.0469,8613.7803,7083.0825,8758.7412,8792.293,6968.79,9025.2412,8789.9238,7005.0938,9481.2441,8631.6104,7221.3926,9166.7578,8998.9639,6840.2305,9508.4502,8674.7734,7391.3496,8776.0039,8411.7197,6992.1851,9011.7959,8413.0889,7022.3931,8717.7041,7782.6724,8658.7188,8817.9004,8049.8955,7718.5288,8878.7344,8055.4834,7729.8022,8768.418,8052.6602,7723.9209,9006.9883,8130.9688,7795.6182,8615.6572,8125.6724,7762.2856,9061.3457,8162.8481,7841.6392,8554.793,8153.8091,7799.4907,9112.3613,8216.8594,7912.0771,8501.7598,8205.1855,7846.3838,9151.9961,8266.1094,7971.0513,8442.7021,8271.6543,7905.1069,8813.71,8124.0605,7820.0029,8815.4014,8174.8877,7752.103,8743.9805,10107.686,8112.8706,8735.4521,8955.9111,8531.8506,8795.9551,8917.6426,8215.4824,8725.0293,8496.4307,8719.2754,8827.5928,7131.7046,8069.9072,8880.4521,8004.2915,7550.4712,8782.5088,8003.7271,7546.2329,8948.5732,8087.1255,7751.5298,8698.7949,8075.2505,7736.8096,8960.6748,8033.3438,7422.4712,8712.7354,8018.1338,7391.5259,8732.4365,9936.6475,8219.6523,8743.5537,9166.3994,8543.4023,9552.8545,8309.6563,8563.7109,7924.8838,8298.1299,8435.0996,9339.4873,8504.8193,7174.8774,8444.4873,8481.0811,7089.0981,8832.5293,7138.6748,7395.0747,8863.8506,8994.1113,7305.5532
Bradypodion_pumilum,8948.6074,12929.284,7164.0508,9111.7422,12747.044,7137.2515,9154.249,12485.244,7138.2773,10638.296,11059.145,6682.0615,10125.484,10585.045,8018.3369,10091.208,9973.1631,8201.2568,10461.183,9287.1689,7650.1855,10173.072,9446.7607,8303.1016,9383.8125,6374.478,7373.1016,8763.1758,12952.604,7168.312,8622.1445,12777.69,7205.1719,8594.6211,12567.536,7177.1621,7041.2344,11023.484,6638.4072,7558,10601.476,8066.0371,7588.0254,9923.7109,8329.5029,7251.3496,9205.4131,7562.6909,7499.5566,9473.3828,8300.9531,8254.3799,6337.1924,7455.459,8363.1846,10118.031,5520.0762,7898.2695,9718.6152,6270.6489,8181.7817,9701.627,6097.02,8583.6445,9697.2598,6209.9609,8925.7813,9590.4697,6067.0308,9419.9717,9517.8018,6055.2188,9323.5195,9899.0459,5515.6377,9728.1338,9536.5059,6321.7231,8173.1406,8927.6768,6294.1475,9598.5303,8860.4844,6364.4111,8846.9863,7070.0811,9633.9336,8869.0576,8269.6631,6588.6416,9052.3887,8288.0693,6598.2339,8659.5742,8284.9023,6565.8921,9607.7666,8115.1294,7117.147,8137.1401,8178.5557,6975.9897,9922.6768,8196.7236,7897.3813,7713.9507,8259.5762,7827.9395,9625.8242,8284.4141,8478.5605,7922.8315,8325.6367,8412.001,9609.6611,8230.6445,8566.0928,7914.729,8296.2197,8570.7861,8824.1396,7837.3887,7815.5352,8844.6621,8286.4727,8331.8105,8925.0342,11131.361,8087.6338,8808.3389,9577.8408,9268.4297,8797.8779,9413.2314,8833.1035,8880.7266,8640.0254,9786.2617,8825.4482,6312.5195,7982.1519,8994.2539,8288.7793,8292.2959,8729.6748,8292.8799,8351.5918,9462.1357,8218.4141,6804.4346,8336.4551,8241.0479,6718.9814,9294.085,8271.7646,7675.5825,8166.6094,8248.9756,7567.9131,8899.7598,10695.238,8784.7012,8865.7793,10055.867,9441.8281,9999.8516,8147.6021,9191.666,7628.126,8210.3887,9120.4111,10043.983,9420.2324,6659.0532,7665.0967,9618.667,6626.3164,8836.043,6530.7773,7083.8252,8825.5254,9755.9063,7172.2793
Chalcides_chalcides,9168.3838,15731.49,7984.8447,9708.8301,14767.937,7568.4932,9487.1758,12469.529,7129.6016,10508.9,10505.553,7247.6528,9919.6914,10520.772,8596.126,9882.2012,10032.463,8778.3281,10433.897,9010.249,7569.8286,10202.43,9417.6875,8277.5166,9435.9736,5598.5864,7828.6069,8586.9717,15740.079,8000.0654,8014.9316,14894.502,7595.8799,8246.2275,12464.853,7152.584,7183.6201,10581.233,7232.1099,7751.5488,10573.067,8574.3057,7736.2593,10011.48,8729.4082,7235.9448,9062.8057,7642.3794,7472.9834,9460.5098,8124.9868,8154.1035,5644.6074,7850.0903,8196.6855,9573.5293,6291.0264,7464.2256,9271.7393,6894.335,8140.9878,9033.9102,6626.041,8516.2832,9132.7881,6582.123,9137.8594,9101.2588,6568.1743,9566.1797,9002.3486,6639.5688,9556.6904,9505.9492,6303.8926,10281.115,9261.0303,7065.2266,8106.2236,8491.0127,6683.1289,9592.8281,8502.4971,6656.9961,8843.5654,6475.5732,9510.9844,8840.29,7635.792,7069.2988,9048.6064,7706.7153,7076.27,8608.4521,7693.5762,7059.7568,9338.0938,7819.4336,7409.1318,8290.8799,7832.0205,7437.4087,9332.3467,7792.979,7609.0044,8297.7324,7824.0396,7626.6875,9525.1699,7754.5742,8153.5068,8103.5391,7723.9546,8179.2363,9603.749,7859.1782,8289.416,8027.6943,7829.9067,8300.2129,8818.2061,7236.5327,7777.4336,8823.4316,7598.2871,7801.4854,8847.9688,11214.475,8289.6426,8837.1113,9576.5234,9596.4063,8826.4121,9259.6924,9029.25,8813.7393,7808.4341,9812.6543,8829.4258,5560.1621,8455.3438,9073.8057,7821.1514,7780.7993,8511.2031,7835.9028,7772.4541,9243.71,7758.7388,7155.458,8387.3242,7770.0747,7185.2441,9371.0732,7911.7959,7243.9619,8210.8145,7907.0723,7346.2275,8824.5732,10881.997,8771.3564,8837.8447,9864.6162,9662.7676,9983.8047,7878.374,8938.9824,7658.6602,7803.5938,8958.6436,10219.356,8900.1777,6996.3682,7555.1846,8927.9355,6891.6743,8776.332,5541.9219,7278.1016,8844.4756,9419.1924,7540.2168
Bachia_flavescens,9086.5986,14719.75,7223.0801,9538.4746,13812.537,7029.6216,9434.582,12056.888,6874.0723,10155.893,10144.271,7141.3809,9792.0547,10175.05,8012.1665,9790.8506,9787.8115,8098.3403,10083.705,8665.3828,7452.1875,9800.2803,8968.8262,8272.1738,9531,5545.6196,8025.8022,8649.5869,14704.77,7236.731,8232.6816,13880.113,7039.21,8270.1836,12051.682,6736.9097,7564.6338,10108.767,7094.3364,7930.4541,10227.743,8036.3765,7828.2759,9785.5615,8071.4658,7544.165,8586.1602,7477.9351,7735.8804,8861.625,8139.209,8073.23,5536.937,8017.1479,8201.8223,9467.9355,6350.3418,7926.2412,9456.9697,6695.1436,8436.1035,9248.5264,6658.2144,8653.5273,9319.2979,6619.6196,8967.7227,9299.7236,6618.3906,9158.9219,9212.6113,6666.147,9447.0742,9375.4121,6351.8315,9869.2949,9454.1338,6732.0474,8153.4141,8393.9307,6689.5,9354.5352,8328.0674,6691.3662,8774.3711,6579.1611,9475.1143,8792.4551,7450.397,7225.2119,8937.5352,7445.376,7232.2793,8638.1396,7420.7769,7217.2402,9380.7559,7550.0811,7542.0151,8182.4663,7534.9619,7533.4082,9354.084,7647.9019,7765.0273,8200.9482,7612.3325,7737.7598,9356.584,7733.1313,7899.1587,8193.0195,7686.8843,7887.5259,9390.9863,7752.6519,8039.1675,8151.5332,7703.2979,8015.4316,8797.8594,7360.5015,7690.3315,8785.4209,7615.4434,7548.23,8861.4414,11014.967,7849.8096,8765.6885,9389.7656,8985.9492,8766.627,9140.7949,8836.2832,8744.5547,7654.2227,9489.2705,8819.8477,5617.4307,8651.0742,8981.0332,7844.1021,7694.3843,8608.0771,7848.1445,7709.5029,9235.4033,7399.1943,7358.8467,8346.7637,7410.9312,7334.5601,9433.5215,7863.4819,7234.6982,8230.4746,7872.1929,7209.5571,8814.7031,10811.574,8331.5625,8831.1689,9712.1768,9076.6563,9872.7559,7983.9985,8679.5098,7735.1396,8021.688,8673.3232,9727.2813,9062.0938,6894.0635,7856.5923,9092.9209,6941.2661,8777.1035,5505.2964,7447.0449,8793.0225,9387.9473,7166.6401
Trioceros_jacksonii,8671.1895,21606.461,10117.444,8774.0342,21277.699,9850.2959,9555.8457,14133.88,6727.6475,11939.055,11862.008,6371.1479,10917.832,11086.063,8086.3457,10675.242,10739.338,8494.6719,11434.8,10244.408,7359.562,10984.681,9856.8398,8562.4805,9534.1533,4744.293,7884.6362,8490.0889,21632.209,10095.595,8403.3613,21275.594,9821.4102,8258.7432,14238.194,6729.6514,5932.9238,11948.992,6244.2637,6852.1279,11233.972,8082.8574,7087.8066,11001.907,8459.7881,6413.687,10234.023,7342.9434,6706.8335,9956.0732,8500.5137,7802.7139,4941.126,7747.5479,7641.9297,11622.184,4869.147,6474.5889,10673.159,7389.1758,7904.1899,10148.311,5858.0801,8536.0889,10477.409,6048.2046,9638.8818,10231.583,5957.9414,10413.046,10196.651,5863.6362,10553.567,11574.338,4932.1719,11449.932,10661.408,7526.4785,7492.5806,9444.1729,5771.3418,10482.796,9391.1357,5830.9722,8699.5361,5744.4902,10211.495,9002.9219,9605.6816,5813.0371,9212.0977,9570.0908,5891.4727,8812.167,9570.9609,5792.2666,9992.6885,8471.6748,6397.0479,7921.3423,8475.3623,6365.6064,10279.421,7876.958,7266.855,7419.6074,8008.4336,6890.2017,9981.9688,7808.0942,8487.2744,7490.0771,7823.5073,8490.7256,10203.731,7754.2739,9043.3721,7258.9775,7783.0845,9016.5996,8775.585,7180.0059,7523.8232,8863.499,7763.7896,8012.4092,8883.2637,12299.771,7963.6289,8771.3096,10217.283,10284.873,8746.7217,9594.4863,10179.25,8725.8242,8305.957,10762.151,8679.2109,4289.2588,8350.9707,9206.1143,7957.1406,8074.9805,8335.6855,7996.9321,8069.7949,9480.4551,9340.5293,5974.7324,8276.9766,9299.0273,5922.0439,10311.983,8345.8623,6727.5996,7498.9053,8374.9678,6676.4946,8772.3096,11314.456,9490.2998,8762.5889,10712.3,10255.394,10362.641,7515.8433,9658.0225,6978.4189,7669.2432,9610.9893,10980.832,10162.78,6194.667,7078.9561,10160.267,6043.0068,8687.3965,4980.8716,7103.8428,8918.1807,10133.973,7327.8096
Dasia_olivacea,9081.2207,19477.666,7005.1328,9879.21,18148.943,6751.6523,9506.6367,12995.508,6085.8901,11400.212,10598.511,5831.7642,10438.367,10155.563,8197.0713,10213.7,9241.4307,8392.0088,10857.388,8069.0762,6824.6035,10588.425,8148.6572,8372.1826,9924.002,3591.2344,8759.0469,8294.4824,19417.361,6945.3203,7607.1899,18205.133,6762.8604,8006.6128,12956.215,6029.2646,6244.585,10579.959,5750.0146,7263.5342,10079.541,8069.708,7391.6055,9014.6309,8351.6768,6777.8462,8267.3721,6878.6006,7104.8506,8170.6582,8290.3174,7869.856,3605.1653,8778.4102,8011.7993,9244.9688,5233.3198,6886.812,8702.2578,6208.4258,7798.1401,8333.124,5841.6904,8423.0938,8494.1582,6076.6279,9203.1055,8550.2168,6032.0986,9966.7988,8437.373,6012.7197,9732.4551,9310.4863,5270.5093,10772.902,8778.332,6336.5986,7613.3711,7724.3169,6146.2598,10154.796,7722.0586,6201.4395,8902.3838,4710.7563,10378.89,8912.0498,6589.5342,6896.709,9227.29,6509.4312,6862.7627,8555.4814,6497.5112,6852.2134,9806.3662,6226.5483,7488.1553,7931.8398,6222.7095,7543.5649,9915.5723,6317.8501,7943.8662,7853.8457,6282.2383,7954.7939,9872.5928,6308.8174,8459.3174,7858.583,6308.2393,8486.5,9940.8359,6332.5376,8742.6621,7816.4795,6324.9287,8760.7373,8866.6289,5869.6655,8402.5703,8899.0029,6367.3164,8499.8604,8801.2197,10913.837,7492.2085,8806.5322,8850.3594,9956.6025,8833.9805,8485.499,9208.0762,8909.6816,6813.9814,10622.215,9057.7178,3308.8843,9253.0068,9138.3398,6695.7471,8087.4795,8665.7803,6705.1479,8053.3076,9487.5996,6339.0283,7057.5156,8275.1123,6299.792,7103.8379,9773.0234,6715.0542,7203.4658,7877.9258,6709.3179,7109.0947,8817.0088,10421.822,8499.7637,8807.5371,9288.833,10192.487,10535.596,6050.1875,9462.9395,7256.2178,6115.6211,9556.4287,10679.655,8275.2979,6485.6416,6975.6318,8275.0225,6484.0625,8973.9561,3795.2849,7959.4995,8833.293,9018.7471,7149.3799
Draco_volans,8873.8145,19257.133,10742.955,9011.0234,18890.117,10411.037,8956.084,14970.65,7273.5874,11932.059,12424.071,5787.6211,11420.789,12398.304,8507.5762,10889.605,12020.517,9172.9609,12248.48,10871.291,7688.3384,11175.047,11457.278,9514.332,10051.706,5814.5391,7948.1909,8366.0186,19261.766,10730.059,8124.4731,18930.279,10403.158,8278.1289,14963.313,7245.7627,5515.7295,12431.442,5844.459,5957.8911,12081.535,8530.3623,6742.627,11960.543,9308.4824,5324.73,10549.053,7924.5059,6499.7056,11333.026,9702.5996,7843.7085,5856.2114,7808.4844,7122.0786,11936.281,4962.4175,5427.8359,11160.559,7424.5996,7492.0479,10180.791,6216.1636,8313.1914,10297.711,6189.0278,9246.2002,10296.957,6180.749,9713.4932,10184.901,6131.0361,10438.366,11848.211,5001.4941,12021.668,11358.006,7272.3809,7220.7715,9678.8799,6225.4351,10534.329,9734.2285,6175.8125,8965.9033,6466.0957,10685.258,8809.7568,9739.3389,5749.6108,9074.0156,9814.4609,5707.8462,8514.4141,9763.1191,5733.6719,10369.591,8779.46,6336.1265,7281.519,8678.126,6461.5781,10850.357,8318.499,6814.1626,6917.335,8269.7236,7122.9189,10290.145,8208.0557,8412.0059,7500.8281,8195.4434,8424.6523,10365.066,8224.6963,8755.8018,7502.5015,8206.5254,8822.248,8944.4316,6797.9355,6803.9951,8893.4658,7398.1128,7227.3867,8705.3281,13185.331,8683.7373,8923.8145,10374.063,11266.857,8873.2061,10067.004,10161.031,8986.4072,8712.9229,11246.841,8972.6729,5363.9175,8520.5156,9240.168,8321.8691,8068.4346,8545.8818,8320.5674,7870.6899,9875.9902,9557.2402,5853.6553,7826.7515,9550.3115,5934.4902,10918.752,8896.1123,7504.3057,6681.5391,8709.9609,7716.1006,8807.1699,12170.179,10082.1,8968.1699,10845.356,11641.238,11046.609,8385.583,9936.7832,6824.73,8325.1504,10013.758,11766.568,10660.922,6487.9951,5609.5918,10497.954,6708.0293,8906.5244,5953.7021,6998.5029,8787.9766,10587.114,7904.1968
Eublepharis_macularius,9126.8145,17994.416,6836.5903,9762.4512,17255.971,6856.8652,9405.4785,12778.583,6150.2441,11144.8,9538.3008,6970.4336,10409.936,9443.6338,8172.3008,10018.18,9737.7988,8303.2959,10407.309,7584.1743,6810.314,10165.203,8169.2466,7787.7217,9717.7041,3941.7136,8880.1396,8227.0195,17981.385,6789.2598,7575.8535,17224.113,6785.0088,8208.2266,12794.47,6299.3994,6452.2256,9619.4473,6689.7871,7219.9243,9476.6172,8180.9482,7592.9521,9483.2617,8323.4854,7167.1636,7621.1387,6866.3311,7512.2085,8128.9731,7836.1631,8164.0078,3970.7947,8908.0254,7913.6309,8815.8477,5674.521,6948.9741,8351.1543,6797.5532,7794.9116,8424.9541,5917.543,8387.3008,8656.8262,6019.3711,9147.6963,8816.4902,6027.6016,9800.8408,8545.3193,5870.5381,9876.0605,8828.3867,5672.1855,10767.436,8432.2969,6905.0635,7809.8184,7757.5728,6104.333,9771.5576,7712.5996,6075.8545,8962.4873,5084.3989,10411.244,8883.3994,5970.8096,7196.0176,9414.6055,5888.4946,7088.5811,8337.0459,5882.3867,7111.1992,10220.547,6444.3726,7630.9531,7564.0669,6339.7402,7595.2856,10329.684,6571.0605,7928.5137,7472.4365,6540.5493,7872.7578,10129.979,6810.9932,8296.625,7699.7822,6831.8389,8335.1758,10128.37,7029.2754,8533.3115,7707.1548,7008.4043,8485.373,8924.9697,5839.4312,8392.8926,8892.8203,6627.2896,8042.8511,8797.6572,11053.827,7611.5283,8902.2393,9096.1973,9317.2852,8869.2227,8656.2119,8623.5996,8973.5029,6607.4219,10454.764,8977.8086,3838.3975,9716.8145,9098.5205,6781.3296,7847.9019,8602.8965,6754.0171,7796.1211,10020.068,6196.1919,7285.6348,7715.7598,6163.7563,7290.6528,9446.3359,6529.1523,7227.0371,8294.2109,6574.9077,7231.3379,8833.9795,10514.097,8679.6768,8941.0566,9710.9961,9454.5195,10503.063,7210.9575,9383.2451,7306.5947,7110.1133,9319.6279,10353.98,8298.7969,6412.8945,7275.3589,8319.6494,6438.3838,8947.7813,4068.8535,8263.9248,8797.002,8895.6729,6774.7866
Plestiodon_marginatus,9099.5254,14080.754,7085.3965,9400.5518,13515.017,6985.1704,9298.9746,10853.779,7165.7422,10297.672,9885.7207,6977.8145,9600.9004,9822.3848,7951.084,9561.8008,9593.7285,8065.6138,10134.333,9102.6074,7307.3911,9815.3525,9173.9629,8018.0273,9372.1475,6833.2158,8045.0244,8677.6797,14072.658,7032.8604,8404.2168,13503.664,6894.0654,8420.8408,10812.769,7017.1348,7397.2236,9883.1543,7011.6895,7978.8916,9866.2793,7867.1304,7894.9756,9625.3408,7942.356,7510.9795,9107.0557,7232.1821,7779.748,9163.8369,7970.0024,8148.9307,6957.2759,7930.7998,7987.4673,9259.75,6693.7505,7505.4551,9342.1885,6991.4146,8147.583,9160.5791,6747.2192,8586.3848,9159.9834,6785.1484,9128.5186,9114.7969,6809.7158,9644.9043,9137.0615,6804.6606,9753.8809,9219.4727,6762.5479,10148.744,9278.498,7138.6357,8136.8589,8673.7217,6785.0049,9511.708,8594.8867,6821.5283,8734.2129,7530.5659,9137.3535,8854.1445,8153.9067,7123.2734,9111.1045,8093.7397,7148.4937,8553.5156,8069.0513,7095.1826,9529.3936,8160.9678,7442.2871,8091.4126,8211.1592,7393.7075,9492.5117,8256.998,7690.4941,8135.9292,8264.9883,7593.8716,9433.3867,8270.3281,7890.9272,8154.9756,8272.6592,7851.5137,9482.9355,8253.3418,8049.0728,8107.2598,8264.3047,7976.1904,8785.0186,7807.8706,7818.6201,8795.0596,8166.2856,7783.7314,8853.667,10798.795,7538.5166,8780.46,9574.3164,8837.9922,8778.7373,9346.4004,8736.1563,8741.4082,8505.8154,9184.4883,8699.0049,6780.3179,8471.8945,8970.2988,8203.0195,7719.5137,8632.668,8202.8789,7676.1748,9411.8447,8076.2866,7268.603,8218.2998,8084.4917,7173.0918,9377.3135,8118.167,7215.1973,8346.7783,8146.4614,7112.9414,8824.9834,10592.863,7986.3862,8776.7988,9749.5986,8886.5068,9869.9863,8563.2188,8359.7148,7771.5322,8486.9229,8467.3193,9996.1016,8943.5762,6917.3989,7688.1777,9133.0186,6872.1973,8778.3076,6958.6226,7524.4438,8873.04,9293.375,7396.0967
Gekko_gecko,9966.874,23308.074,8811.9678,10695.3,22227.205,8600.8438,9653.4277,12974.046,6209.7334,11319.646,10203.553,5638.7671,10279.887,8719.8418,7819.6328,10264.963,7722.5605,7858.1348,10903.3,6443.2236,6962.5942,10553.927,6789.5254,7977.8809,10718.806,1123.0289,9107.4619,7881.5264,23301.268,8841.8721,7167.0391,22367.205,8485.7539,7681.7544,13077.793,6228.5933,5769.666,10538.776,5332.542,6756.6631,8694.5684,7501.7002,6962.1631,7421.4453,7925.5049,6762.7666,5888.8149,7137.2002,6962.6143,6593.5796,7941.3271,8648.4746,1226.7057,8993.0059,6836.1807,9585.2471,4407.7681,6631.4619,7575.1719,6854.936,7025.0889,7510.8379,5316.7266,7969.6372,7891.2676,5329.7266,8806.7402,7877.7959,5459.1709,9532.4912,7484.3696,5325.6958,9697.832,9366.6699,4406.4355,10434.691,7634.4004,7082.7236,6895.5669,6393.3022,5458.2241,9892.0107,6542.6777,5206.0767,9558.082,2277.5837,11120.171,8981.2695,4661.4023,7202.9116,9447.6963,4605.0698,7120.8154,8496.8018,4384.5967,7133.5684,10365.323,5074.0742,7610.3926,7720.7803,4510.0415,7649.0215,10474.912,5162.8345,8045.8345,7580.6499,4531.085,7963.2744,10548.638,5107.5376,8350.6611,7549.3843,4578.0903,8339.8682,10736.082,4665.2651,8830.0459,7488.2808,4343.1758,8903.5391,9288.292,3538.9231,8810.9375,9154.7295,4089.4246,8427.5029,8516.0527,10713.29,7259.8008,8690.292,8059.8799,9419.4961,8762.9922,7235.5698,8961.1582,9350.0166,3770.4939,11667.39,9683.5801,806.51758,9673.0537,9897.46,4979.4321,8089.3115,8404.5928,4675.417,8179.7427,10112.738,4906.7646,7325.7109,8065.6245,4443.77,7295.3115,9935.4414,4781.125,7079.7847,8041.2051,4481.4404,7148.0503,8544.3525,9636.4932,8302.2715,8646.877,8687.9717,9576.3945,11047.3,4717.4761,9692.9463,7333.8608,4382.9443,9839.9766,10493.472,7205.8135,5508.8501,6444.3887,6983.52,5895.7583,9652.9277,1479.0375,8140.5039,8515.5439,7217.1563,6278.9722
Amphisbaena_scutigerum,9182.6846,13377.539,7137.3394,9927.8105,12575.322,6727.8687,10034.719,12090.451,6651.4897,10729.9,9571.4404,7366.0244,10204.644,9475.3164,8177.1543,9950.2373,9517.1572,8393.1885,9543.0049,8285.9023,6948.0029,9809.207,8460.5732,7768.3882,9625.7822,6112.8687,7795.105,8402.7422,13359.153,7185.1948,7664.7734,12620.027,6856.5527,7582.0386,12138.92,6684.7529,6909.9199,9552.7227,7271.4937,7496.5317,9419.2627,8235.2754,7826.1948,9498.9336,8509.5703,8081.1143,8275.3936,7030.7998,7957.1089,8548.7764,7849.6641,8030.8447,6266.064,7824.7856,8320.5166,9484.7891,6104.7188,7757.9082,8552.8682,6891.4756,8147.1519,8593.4209,6561.5947,8534.3945,8801.9736,6503.0151,9103.7695,8801.9512,6453.8521,9501.3555,8635.375,6605.2441,9212.6279,9518.582,6010.6475,9952.3203,8568.0127,6886.3076,8560.6338,8008.4453,6577.4868,9019.6484,8011.2695,6551.5381,8853.8994,6596.6963,9270.7188,8891.8848,7442.5796,7839.0034,8998.2129,7435.7568,7830.6577,8797.5381,7435.1221,7813.3345,9269.2637,7453.166,8065.4971,8427.627,7525.0459,8054.3076,9395.7295,7516.4287,8265.5654,8266.9893,7580.4863,8204.4023,9548.9375,7788.4707,8408.2344,8157.4497,7776.6104,8261.9072,9599.0537,7920.9004,8500.9434,8086.5986,7900.8076,8344.6768,8934.707,7887.0884,8195.793,8936.75,7907.0063,8032.9756,8884.6895,10664.697,8139.4648,8883.3643,9098.9268,9154.1279,8882.4512,8972.3252,8431.0762,8898.0439,7684.6323,9648.9707,8834.7354,6046.9116,8421.6484,8887.7881,7493.6753,7729.7007,8740.7295,7496.7056,7743.2603,9142.9707,7416.1445,7923.8828,8619.335,7464.1582,7872.4722,9083.1348,7530.6611,7138.6846,8610.6357,7484.8081,7166.373,8885.2949,10249.475,8443.751,8885.124,9255.8291,9188.6709,10149.461,8525.1719,8712.4355,7605.6294,8540.9365,8684.2705,9349.2393,8336.292,6667.0151,8140.0425,8318.7432,6850.9385,8841.3584,6303.6636,7144.4688,8865.6641,9000.6367,7027.7197
Lygodactylus_picturatus,8893.4082,13814.862,7679.4033,9157.0479,13456.469,7685.0654,9133.3574,11409.511,7125.5498,10621.771,9672.1104,7276.4912,9940.8174,9816.1543,8291.7031,9905.1855,9275.377,8194.7793,10461.876,9013.7285,7480.8843,10052.439,9007.6416,8058.2012,9538.9043,6922.1479,7940.6064,8492.4512,13828.953,7691.0151,8191.4854,13475.771,7611.9883,8250.6904,11400,7093.2896,7001.9502,9603.5254,7156.6719,7807.5918,9747.8066,8194.1123,7873.8242,9111.9873,8287.6318,7245.0083,8910.4482,7493.6958,7661.895,8983.8496,8131.5469,8277.373,7008.5117,7986.1104,7885.416,9078.9736,6615.5254,7518.6606,8886.3594,6895.0117,8055.0806,8907.1641,6776.3408,8530.1973,8998.54,6821.1758,9002.6748,9047.1533,6823.6846,9637.5811,8928.543,6772.2515,9771.6445,9129.6953,6628.3643,10075.125,8985.4785,6851.1289,8173.1597,8708.2461,6857.3081,9779.0078,8762.6943,6916.146,9033.0469,7316.2427,9040.0469,8899.7578,7998.6963,7084.52,9054.3701,7973.2798,7086.1494,8773.8691,7971.8818,7086.0742,9436.2363,8038.3921,7415.9165,8379.6582,7948.897,7405.0503,9520.0723,8088.4502,7640.9307,8278.7959,8020.9546,7723.1528,9537.8164,8106.8608,7864.3809,8277.1113,8097.1484,7902.4272,9568.0557,8141.8296,8084.1753,8275.5088,8085.1738,8077.1758,8887.1758,7809.7671,7507.3613,8921.5527,8388.7197,7768.5068,8810.4443,10622.306,7847.4756,8921.2256,9514.333,8845.9697,8935.8418,9215.4824,8614.8984,9015.4434,8242.8389,9252.0303,8950.7061,6997.0718,8409.3877,8986.377,8450.5488,7910.8174,8833.5127,8470.5049,7944.6865,9305.124,8004.0405,7218.3838,8570.7236,7935.3062,7191.4746,9732.6318,8074.1938,7437.2285,7967.2646,8042.1733,7490.3403,8860.2275,10149.318,8268.7588,8896.9297,9779.3115,8921.791,9971.5469,8386.5527,8656.9893,7901.9399,8366.124,8659.1611,10401.983,9080.8262,7264.458,7337.3516,8944.0615,7287.7363,8841.1084,6946.8594,7493.7109,8830.5703,9079.6572,7184.9551
Melanoseps_loveridgei,8909.3379,13315.287,7229.2612,9402.7666,12834.915,7184.8672,9476.5938,11897.745,7214.0547,10029.81,9482.0039,7354.1099,9536.1426,9901.5635,8010.7388,9478.7051,9468.457,8000.3066,9666.834,8926.6055,7092.4385,9617.5088,9012.2529,7777.7959,9399.2334,6601.8286,7572.7441,8656.4951,13323.4,7234.8643,8153.6021,12814.812,7214.3613,8088.3174,11849.27,7169.0562,7648.1455,9531.749,7241.5986,8101.9272,9856.1123,7948.9385,8132.9155,9371.5479,7920.8301,8005.3506,8869.5234,7139.5869,8050.9341,8989.6025,7742.3975,8347.165,6599.7866,7603.6968,8326.2979,9568.2539,6468.7612,7892.5615,9092.709,7303.2852,8370.3066,9174.4971,6769.7861,8650.3525,9294.498,6822.127,9045.2588,9291.4385,6758.3564,9280.2178,9208.2637,6716.9854,9336.5645,9558.875,6484.3159,9768.8311,9129.5371,7417.7354,8397.0068,8815.9023,6763.4282,9275.9971,8863.9053,6780.3945,8835.3232,7184.9512,8758.9756,8846.2227,8028.4678,7286.6558,8951.2959,8031.9277,7286.9336,8742.2227,8039.3091,7289.562,9145.6699,8134.5552,7455.6304,8564.3525,8104.7168,7435.8022,9173.2539,8162.6899,7577.1968,8518.7393,8127.6855,7533.0967,9235.4121,8179.0225,7671.5215,8464.5635,8155.6592,7625.6333,9298.2783,8206.8018,7752.7251,8382.6729,8177.8853,7737.875,8843.2041,8085.9312,7727.5767,8842.2656,8140.0581,7619.0527,8802.2295,10753.062,7869.6182,8789.4346,9333.8086,8602.3057,8807.7139,9201.4004,8435.1875,8825.3535,8040.3657,8996.4824,8857.0869,6432.0405,7929.042,8909.4941,8147.2485,7466.7925,8766.4072,8135.9565,7489.5498,9082.7373,8086.5815,7349.7451,8637.6377,8074.2705,7328.437,9329.708,8431.4004,7210.6846,8363.3828,8410.2295,7236.1606,8799.4727,10422.399,8216.165,8782.5459,9703.7314,8608.0479,9826.4922,8174.3154,8212.0137,7879.6675,8111.5049,8260.3896,9572.3516,9061.4746,6941.8057,8087.4932,9034.123,6965.5195,8874.0605,6719.5869,7178.3599,8833.7451,9369.9502,7139.5068
Ophiodes_fragilis,9145.751,16521.004,7564.0996,9758.4561,15569.562,7282.7236,10064.919,11801.31,6862.4336,10436.848,10671.757,6548.5117,10094.915,10155.986,8272.0566,10043.369,9089.3223,8354.6289,10393.496,8493.2539,7460.4331,10202.084,8694.252,8116.8354,9624.5059,5042.3745,7923.1816,8451.2129,16540.135,7584.2349,7839.7773,15573.234,7247.3018,7617.2402,11816.237,6893.5103,7222.6953,10783.703,6700.1997,7477.1396,10193.084,8188.5107,7643.8066,9134.9053,8455.9229,7273.5625,8635.5566,7389.6382,7454.0098,8789.8525,8106.4185,7994.6128,5050.584,8107.8525,8175.6309,9095.3145,5841.4512,7744.7095,9077.9209,6141.438,8124.3833,8922.4678,6030.584,8545.6387,9027.2881,6100.4312,9151.3838,9016.2861,6068.0283,9435.625,8912.459,5955.8911,9473.2773,9069.3652,5820.937,9978.9043,9117.001,6161.0059,8208.2559,8151.1807,6262.7969,9471.7256,8189.8354,6238.0415,8860.4258,5995.752,9766.7402,8806.624,7093.1362,6979.9814,9110.2168,7092.979,7016.168,8551.9951,7056.6592,7023.4834,9574.8457,7290.8623,7473.0693,8069.8926,7296.6123,7468.9937,9641.7373,7383.8965,7695.7661,8054.0078,7379.1646,7722.0449,9587.334,7456.3838,7946.105,8104.5806,7431.5083,7913.9932,9621.0605,7414.2935,8072.9673,8100.2656,7404.9355,8034.7617,8817.8164,6881.7188,7775.6367,8834.0469,7183.4126,7598.9331,8867.0195,11116.152,8101.4658,8929.0293,9046.5977,9329.1807,8897.0107,8886.4258,8923.3711,8830.9424,7424.6025,9815.5518,8827.376,4927.4058,8713.8242,9085.3584,7315.2026,7455.4297,8589.6855,7294.1294,7441.1484,9414.5078,7148.6709,7187.2041,8276.0029,7180.2212,7181.0576,9698.4912,7432.5381,7154.4253,8017.8389,7424.6211,7178.6958,8845.5352,10607.593,8441.1016,8972.5176,9624.7842,9383.3037,10107.209,7363.5439,8916.3711,7574.1323,7109.3638,8918.6953,10052.684,9138.6025,6738.5894,7529.4888,9080.6348,6831.7988,8860.3379,5133.8125,7427.8105,8798.4795,9287.6904,7202.5273
Pseudopus_apodus,8994.7617,17094.402,9199.3066,9653.9785,16333.214,8487.7822,9744.6152,13240.826,7194.1338,10910.9,11158.286,7056.3799,10489.937,10761.501,8486.5996,10373.097,10163.86,8522.6953,10857.247,9160.6943,7233.4717,10585.626,9190.2188,7787.1338,9690.7148,5260.209,6918.9463,8516.3301,17137.512,9192.0566,7863.5059,16177.757,8474.3184,7833.522,13213.34,7237.1147,6778.2588,11333.183,6994.3428,7267.9336,10827.114,8616.0459,7356.5352,10169.26,8596.6143,6806.5313,9065.1914,7266.3369,7141.0146,9211.9375,7963.3257,7876.2754,5325.7573,7115.2676,7942.0938,10213.726,5763.5098,6873.8789,9858.3555,7061.0405,7394.7339,9970.5908,5899.1069,8480.7803,10097.729,6020.8027,9152.2705,10091.345,6019.3223,10084.499,10034.317,5839.625,9787.3848,10183.063,5714.3364,10687.992,9927.9697,7293.3135,8103.9458,8895.1045,5631.3057,9590.4443,8973.0518,5603.1992,8905.29,6080.1338,9415.1055,8829.6621,7097.5381,6556.7832,9095.9922,7252.1289,6464.6416,8498.6094,7243.8555,6517.3262,9565.9141,7480.3599,6811.6797,8056.9238,7454.1211,6947.0781,9717.6289,7507.3682,7092.5801,7981.9502,7509.4238,7201.0986,9772.1211,7555.8174,7394.1523,7933.0469,7534.4639,7501.7021,9795.3008,7568.4785,7731.0845,7971.7842,7546.6816,7790.1172,8837.209,6607.7148,7077.3301,8837.8535,7005.1631,7049.5615,8829.5439,11904.706,8702.4746,8872.9531,9075.6387,9809.2227,8872.0313,9121.1172,9169.4385,8886.6387,7704.6357,9896.334,8822.3896,4914.1191,7831.9668,8999.5205,7521.0806,7380.3232,8707.5957,7522.1221,7378.2041,9372.4658,7370.3037,6621.5928,8217.3193,7384.8457,6701.5068,9395.2363,7637.5571,6553.751,8272.7852,7599.5591,6551.3618,8876.7021,11324.556,9094.7109,8893.5625,9437.5303,10065.653,10455.128,7368.457,8756.9102,7302.1104,7501.1377,8836.9297,10465.441,9661.5537,6077.4844,7162.5254,9588.0996,6120.5981,8756.1963,5456.0264,6442.8594,8813.6006,9741.9365,7024.4053
Lepidothyris_fernandi,9055.8857,21208.369,7129.3877,10232.912,20340.311,6875.5229,9993.5508,13987.423,5674.9419,11314.635,12221.765,4977.5752,10300.867,10290.65,8150.2295,10309.583,9565.3428,8528.3799,11084.563,8188.4736,7542.752,10434.153,8949.2979,8581.8604,9946.2119,2931.1292,8547.959,8243.8613,21176.031,7111.5542,7236.2637,20145.133,6612.0215,7838.4053,14012.682,5505.9746,6626.1196,11973.479,4921.3066,7414.5278,10560.944,8166.374,7226.2397,9633.999,8336.5186,6584.791,8154.501,7361.5425,7061.6289,8716.1367,8287.9912,7745.9727,2941.9397,8654.1523,8107.0791,9870.083,4605.4561,7686.7646,8504.5967,5593.2925,8344.8145,8391.168,5340.6436,8742.4189,8415.7637,5506.4805,9331.6406,8397.4043,5503.6641,9940.6836,8380.2549,5479.4072,10108.559,9759.2451,4813.7266,10262.248,8488.4092,5605.9795,8205.6885,7565.5171,5573.3726,9544.916,7472.2856,5641.3447,8683.1787,4000.4766,10595.408,8968.3867,6186.1592,6390.7983,9195.4297,6187.5962,6405.335,8733.3486,6198.5137,6361.3018,9912.5449,6465.2007,7534.4033,7806.8408,6436.7656,7451.3594,10192.743,6855.689,8442.5537,7395.459,6766.4526,8116.479,10138.67,6804.2612,8766.2188,7445.6074,6830.5625,8590.5713,10110.349,6869.561,8959.5293,7399.5938,6884.5005,8771.8965,8819.6035,5249.084,8495.8037,8812.5439,5942.375,8108.1309,8795.9219,12202.521,7433.377,8597.3359,9398.5146,9857.2188,8620.3652,9039.8711,9479.1172,8398.2197,6093.1992,11036.857,8917.2178,2764.9775,9516.833,9041.9355,6382.2104,7990.3975,8627.8398,6417.2949,7966.5264,9588.6113,6291.5464,6572.7949,8275.5137,6295.2349,6477.1646,9310.1055,6616.9229,7033.7559,8189.8779,6742.7544,7136.4775,8775.3584,11599.261,8445.1963,8570.9414,9934.21,10246.215,10727.559,6869.1377,9622.0371,6792.8882,6865.4897,9469.0234,10260.087,8286.5967,5863.0078,7699.9624,8255.4189,5726.9058,8973.7051,3273.5886,7765.8086,8921.5459,8424.8809,5989.9746
Takydromus_sexlineatus,9190.7354,15880.363,7846.6377,9792.5898,15090.534,7654.7046,9369.6582,11283.94,6888.6553,10012.675,9662.0234,6557.3877,9676.9131,9755.6387,7701.5913,9689.7949,8851.207,8205.3496,10166.105,8205.5664,7333.9849,9819.8652,8532.0625,8083.5708,9252.7988,5442.7266,7717.2271,8713.6133,15887.401,7886.8125,8142.2275,15098.168,7684.8994,8324.125,11361.595,6875.5713,7716.1211,9653.2354,6482.6626,7985.9863,9800.7207,7718.8159,7904.7207,8875.5615,8191.2188,7565.9858,8216.5732,7391.8569,7810.522,8455.9707,8065.8276,8155.9092,5586.4985,7810.8145,8026.5552,9215.1484,6377.7529,7923.0781,8781.7998,6602.3223,8296.6914,8727.9648,6590.8354,8650.7793,8754.1338,6697.8369,8971.2822,8802.4814,6697.228,9367.8604,8754.3232,6619.3979,9618.9697,9279.3535,6366.0977,9792.0469,8819.3672,6627.8667,8272.2568,8373.042,6551.8467,9469.0771,8335.832,6555.7266,8801.5303,5866.6353,8920.834,8811.9082,7364.2339,6801.7744,8945.9404,7322.3306,6828.7964,8648.3545,7340.0264,6799.8643,9365.9082,7203.9824,7145.6484,8161.6133,7263.666,7106.3701,9434.9395,7253.6631,7478.8862,8075.0996,7272.7896,7399.8223,9387.5293,7235.79,7828.3115,8153.666,7263.5586,7807.8989,9486.3477,7232.2593,7968.1167,8097.7319,7320.853,7975.123,8747.3311,6863.3765,7674.6733,8776.8799,7280.2808,7834.6401,8863.0449,10307.145,7609.0757,8789.085,8801.6016,8752.1904,8791.6875,8477.0313,8523.4736,8796.6953,7187.8574,9218.5781,8715.1357,5371.3843,8196.5879,8850.6787,7287.0542,7844.7935,8691.1133,7280.2607,7848.166,9199.6123,7215.3188,6915.2642,8260.7217,7228.4561,6923.2173,9377.7158,7294.4248,7193.4834,8133.377,7300.8472,7174.9038,8838.0723,9882.7773,7956.5688,8808.207,9088.9521,8925.5322,9812.1367,7098.7056,8409.207,7733.1475,7087.4028,8476.9287,9833.5771,8688.5488,6790.4736,7880.877,8693.4297,6750.374,8676.4102,5598.2129,7358.5469,8843.5264,8770.2197,7064.4707
Teratoscincus_scincus,8914.9268,15517.72,7710.6987,9311.0928,14966.69,7539.2446,9274.7656,11795.786,6729.1914,10307.235,9605.7676,7470.1362,9968.6367,9686.46,8013.8882,9664.2236,9294.5645,8297.7422,10151.31,8750.2051,7024.1777,9879.4551,8641.6758,7961.2261,9411.2305,5937.2515,8032.3506,8420.1709,15508.348,7702.8247,8088.9917,14973.31,7568.0483,8435.3584,11791.524,6748.8984,7392.1787,9530.5654,7190.4297,7736.6592,9627.5244,7976.5215,7993.9482,9243.1416,8286.9258,7571.793,8641.5137,7134.4473,7766.2964,8581.8516,7890.8691,8347.959,5918.978,7950.5879,8093.918,9326.623,6196.627,7713.6035,8933.915,7645.6943,8156.1406,8967.4814,6361.9854,8625.624,9165.1826,6511.4512,9270.8633,9205.1816,6417.1787,9598.6992,9117.9463,6374.5679,9705.2158,9360.21,6237.1074,10081.982,9047.8779,7622.3613,8104.0063,8376.5381,6335.4321,9693.3945,8471.5859,6382.5557,8804.0273,6338.7627,9206.3672,8861.1719,7195.9971,7170.71,9013.5234,7216.1724,7162.978,8715.9463,7200.4849,7151.1548,9543.3682,7496.2041,7473.9668,8156.1055,7474.7231,7426.3545,9640.9463,7699.2778,7841.5078,8054.0146,7669.1895,7758.7256,9607.8223,7721.5103,8190.0107,8052.4736,7654.7002,8146.4521,9643.0918,7704.9443,8385.6445,8012.0728,7661.8516,8305.5205,8855.3408,7200.0757,8050.6846,8869.5479,7557.1089,7881.3052,8819.5264,10720.788,7806.8916,8779.6318,8987.1738,9082.1123,8808.8457,8913.1992,8658.3838,8786.8672,7702.0386,9523.7627,8836.0508,5899.9941,8481.3359,9064.1035,7750.4346,7793.4043,8602.459,7719.7422,7851.7759,9367.7041,7376.4551,7313.6084,8390.4102,7312.959,7239.9761,9299.4727,7666.6284,7095.9424,8394.6563,7607.0938,7060.8101,8812.248,10224.9,8362.4922,8802.8262,9391.2578,9211.7207,9871.21,7775.877,8926.4629,7751.375,7693.8457,8887.002,10042.23,8834.4141,6704.9912,7829.876,8701.75,6573.52,8894.0459,5792.6128,7594.4893,8837.5781,9062.4336,7098.2539
Tropidurus_torquatus,9329.9404,17345.787,7237.8027,9838.5957,16834.65,7191.6455,9381.6045,12614.296,6368.7412,11222.016,10574.825,5953.8223,10651.765,10625.334,8227.0781,10792.096,9661.793,8769.1406,11430.908,9025.917,7442.3828,11053.002,9466.7471,8523.6563,9838.6729,5243.2612,8096.2446,8271.3584,17448.32,7227.1045,7757.8779,16889.674,7223.1226,8317.7695,12598.406,6375.4771,6357.4478,10559.424,6161.6582,6815.2549,10517.71,8166.1772,6994.0171,9621.6104,8925.2285,6321.374,9359.707,7788.2266,6717.1772,9469.3096,8667.0361,7925.1758,5418.5776,8089.0835,8169.1904,9582.8574,5501.9482,6872.9922,8912.3574,6440.3501,7648.188,8692.707,6257.9531,8445.2832,8910.2197,6278.7451,9062.2617,8939.2344,6259.1318,9844.0898,8656.7119,6184.6133,9395.0625,9517.9287,5506.4092,10658.481,8888.9746,6299.3789,8064.085,8210.29,6090.3027,9683.0703,8202.2617,6133.4404,8951.7832,6279.2959,9983.3711,8853.1885,7856.8306,5992.6309,9125.6094,7786.6997,5939.9575,8646.6689,7825.8706,5965.834,10060.615,7350.0889,6777.5,7584.8828,7292.7466,6781.2173,10216.115,7290.3154,7283.0703,7472.71,7260.3364,7473.5894,10071.773,7393.6045,8055.2959,7687.498,7275.7144,8196.4453,10154.378,7422.2466,8335.8604,7695.667,7387.5859,8447.499,8840.417,6782.7168,7618.8184,8930.7881,7473.8374,8083.1201,8878.8574,11450.76,7772.6577,8864.0615,9334.3457,10144.217,8867.415,8928.377,9631.1074,8979.6973,7790.7183,10190.093,8895.9219,5161.5825,8745.5898,9199.167,7485.8164,8069.5918,8703.9766,7473.7207,8088.6284,9822.6055,7484.793,6282.604,7847.5083,7469.0073,6282.0649,10478.522,7590.7271,7751.165,7390.3325,7545.0693,7912.0049,8831.0391,11143.844,8722.2637,8825.292,9914.1396,10223.586,10500.333,7339.2861,9453.5859,7273.6533,7303.5322,9483.1172,10751.419,8365.5059,6382.8198,6763.6768,8479.5527,6549.8506,8904.4102,5557.0923,7474.0308,8783.5391,9118.8262,7037.9458
Cerastes_cerastes,9314.0615,14374.28,7118.9663,9729.0996,13923.014,7000.9097,9752.291,11653.073,6866.5562,11765.984,10307.17,6731.7964,10588.279,10329.485,8572.3955,10387.713,9318.6016,8050.334,10450.42,8580.5918,6947.6641,10342.163,8732.8242,7528.9097,9577.7266,5351.3374,7934.8887,8316.6367,14379.553,7080.5044,7954.873,13953.04,6985.4287,7952.1807,11653.407,6955.0791,5813.5801,10342.687,6998.6313,7072.2944,10306.958,8588.1377,7392.855,9374.6543,8206.9902,7252.0234,8600.5459,7171.1357,7396.001,8800.0264,7604.625,8109.6113,5312.7754,7887.5225,7159.5806,9525.1045,6056.2773,6500.3647,8959.8779,8012.9819,7697.3931,9487.5635,6277.4048,8508.96,9708.9209,6422.1719,9086.2822,9787.9619,6351.6143,10027.321,9452.1807,6232.0156,10488.221,9588.7939,6024.353,11182.252,9006.2744,8014.4731,7775.3564,8414.5479,6281.9155,9912.5166,8405.8418,6296.5127,8886.8574,6448.8599,9508.3555,8807.3193,6757.5625,7125.1113,8981.502,6782.957,7159.7822,8631.0371,6782.2192,7176.4424,9379.5098,7075.0898,7593.4443,8331.4521,7040.688,7550.1299,9577.0039,7273.4307,7750.9116,8086.6396,7315.938,7760.0093,9697.2207,7670.0679,7759.9917,8013.8218,7630.8779,7736.1445,9718.9141,7850.8027,7771.0439,7948.5537,7827.8672,7749.3354,8830.6982,7286.3887,7406.0791,8862.8926,7472.1343,6991.5435,8824.9688,10915.11,8182.958,8798.7939,9507.998,9304.1016,8814.8418,9326.959,8481.2354,8794.041,7864.2754,9764.5527,8868.001,5430.0503,8545.4307,9664.623,7979.4316,7546.1099,8027.6387,7872.1572,7533.4033,9211.8301,6940.3623,7389.0088,8435.1729,6923.3809,7363.063,9511.3564,7634.9038,7012.7979,8307.167,7601.2168,7001.4512,8792.5342,10812.539,8488.2051,8818.2598,9820.5986,9389.6211,10448.414,7868.7407,8562.8984,7215.21,7902.0508,8633.8936,9945.1777,9251.04,6375.1665,7633.5571,9241.0127,6420.3096,8852.082,5148.4302,7441.457,8831.5479,9784.4141,7161.084
Dendrelaphis_pictus,9237.2842,15353.545,7010.0962,9812.8535,14634.64,6960.2915,9790.8779,11358.677,6955.6924,11433.076,10105.052,7444.6782,10316.97,9891.5557,8931.7666,10201.796,8887.0986,8706.9814,10878.511,8509.4922,7589.2925,10598.9,8667.2598,8168.2056,9798.25,5566.2764,7992.0059,7877.981,15243.461,6995.0894,7470.8994,14609.799,7006.3833,7829.0986,11321.252,6941.6416,6193.4106,9750.2637,7487.8086,7174.4756,9908.0322,8926.0039,7490.0791,8785.7393,8674.4092,6852.0337,8402.2559,7607.3062,7151.481,8521.2783,8216.7422,8140.9238,5575.981,7970.5112,7519.8926,9524.4785,6230.7974,6710.9727,9183.3623,6775.1851,7705.2378,9277.9678,6383.1465,8610.0596,9469.9463,6559.4014,9080.6211,9507.2695,6488.9751,9987.6582,9316.8691,6378.9033,10163.928,9577.7188,6264.3252,10811.104,9322.7998,6738.8306,8120.4717,7923.7031,6372.9102,9780.9736,7942.3433,6383.2666,8966.0547,6337.4199,9404.416,9004.9941,6193.667,7014.3711,9249.502,6123.7842,7078.5771,8734.8018,6109.999,7085.8916,9410.2227,6704.9155,7619.5703,8519.3027,6557.5903,7606.4512,9471.7246,6816.52,7735.6563,8484.9482,6716.6353,7699.6948,9682.7178,7186.0313,7928.3477,8203.7568,7116.7021,7948.6626,9761.8008,7392.5859,7962.9917,8077.7461,7296.918,7969.0708,8941.2969,6866.7227,7513.2788,8935.1904,7169.4146,7069.4336,8808.4834,11038.407,7998.0645,8845.6436,9113.6152,9482.8799,8840.1064,8904.7539,9144.6387,8895.0215,7460.8047,9693.2188,9001.209,5423.7578,8477.0938,9292.8721,7567.2427,7845.6465,8533.1416,7491.7964,7775.6382,9511.9297,6170.3979,7279.2813,8460.9629,6121.8794,7290.5469,9823.3486,7158.0068,7337.5342,8161.3364,7126.7954,7313.3896,8803.7734,10697.01,8538.9824,8866.5908,9793.6914,9471.9629,10372.398,7386.6602,8614.9521,7383.4912,7392.6709,8607.1758,10571.052,9010.8135,6721.5693,7218.2993,8876.5322,6632.5259,8929.5723,5449.2607,7372.2363,8831.6484,9371.2314,7261.752
Eryx_jaculus,9652.1875,13743.683,6974.7798,10177.186,13086.227,6978.8301,10134.699,11395.518,7095.1357,11185.8,9544.1094,7626.1177,10147.414,9816.1104,9190.8867,9814.0215,8959.8711,8793.9375,9932.6123,8146.0903,7181.333,9987.9453,8306.9883,7719.9385,9610.873,5936.5806,7686.0044,8191.416,13794.189,6921.9292,7702.8301,13122.636,6871.6118,7710.5366,11501.178,6999.2344,6424.8496,9568.4414,7590.5791,7498.2261,9830.6631,9119.8164,7816.9326,8913.8281,8718.5332,7774.8604,8133.3184,7094.6353,7694.4219,8231.5576,7640.7959,8079.3311,5883.2124,7641.6436,8204.9688,9259.7754,6113.6318,7522.2852,8465.0674,7165.0923,7917.0674,8427.1475,6662.1577,8559.5781,8798.5723,6517.2695,9096.5898,8782.7188,6493.9365,9787.543,8450.7188,6740.9258,9503.9277,9257.874,6157.5996,10146.288,8533.8154,7251.001,8481.0596,8174.0151,6434.3071,9294.9844,8167.7603,6447.0117,8882.7383,6597.2534,9344.5313,8860.874,6755.1548,7063.3018,9047.1016,6703.4614,7040.5532,8709.833,6709.1758,7029.5762,9524.459,6819.041,7384.8911,8207.167,6851.3721,7352.8906,9589.2949,6975.7773,7644.3467,8099.7813,6957.4531,7585.7563,9602.4785,7140.6689,7711.9624,8051.7808,7084.4243,7685.8989,9624.0498,7216.3926,7820.7378,8044.0405,7214.3745,7779.353,8852.8916,6756.8589,7577.7275,8833.5596,6951.9976,7491.4487,8792.6289,10901.358,8488.665,8777.6348,8746.0869,9594.5811,8786.2305,8606.875,9239.1797,8829.418,7885.2358,9523.9297,8842.9746,5847.2041,8353.3809,9024.8994,6899.5723,7228.7935,8703.3604,6880.3394,7180.2871,9383.3682,6710.8623,7197.5889,8349.8135,6729.0918,7176.4473,9093.9902,7239.5166,6853.0908,8659.6699,7235.3589,6816.9912,8820.9355,10498.728,8868.5449,8769.9736,8939.165,9618.4795,10231.788,8190.458,8459.0596,7360.8428,8193.6563,8362.6875,9558.3896,8427.8545,6566.4307,8225.3857,8392.6387,6503.8779,8821.874,5801.9014,7114.7734,8830.9844,8926.8311,7408.2158
Pantherophis_guttatus,9327.2334,14998.382,7059.25,10214.389,14195.324,6935.0552,10016.102,11560.612,7138.0986,11850.496,9736.8125,7470.895,10490.641,9600.7373,9108.792,10168.99,9090.4766,7782.6738,10654.758,7995.1885,6665.0361,10306.528,8309.7715,7434.8091,9655.542,5152.8896,7679.2134,8195.1396,14999.009,7073.1519,7348.9238,14234.963,7171.8281,7610.9199,11600.301,7194.0327,5810.5083,9687.3291,7657.2695,7155.7168,9590.5684,9226.3008,7509.6797,9139.9414,7903.4453,6954.5127,8012.4268,6739.5078,7391.3608,8342.3242,7574.3198,8059.1587,5195.8926,7771.4873,6960.0215,9284.71,6170.771,6413.7227,8555.0732,6795.5171,7251.4097,9041.1875,6407.3877,8375.8711,9467.9541,6559.0981,9249.0459,9482.8486,6469.269,10148.95,9161.2246,6329.5698,10632.82,9324.1748,6076.0869,11146.389,8537.3604,6673.209,7939.4766,7724.6392,5944.4258,9660.6514,7753.8154,5867.9561,8934.2666,5728.2651,9270.1396,8790.4385,6292.8301,6694.5649,8949.1484,6179.397,6763.5801,8624.4404,6184.0327,6736.5435,9478.4297,6393.4648,7287.459,8261.002,6370.2197,7329.5088,9734.2422,6658.0332,7617.9707,7959.2451,6663.707,7702.6143,9826.8662,6873.1919,7656.0923,7887.395,6877.708,7712.9116,9878.959,7075.0708,7713.7051,7858.3169,7061.7012,7823.0791,8852.2109,6734.4951,7417.5508,8805.8086,7102.4702,7056.8022,8837.9082,10662.205,8281.0596,8810.5195,8949.5342,9407.457,8822.2373,8638.8516,9021.5996,8909.4473,7043.0254,9545.2871,8944.6465,5041.5122,8260.9805,9334.6719,7052.9854,6980.2627,8279.2158,7022.2661,7077.7036,9414.2461,6188.3501,7066.2969,8283.7715,6188.1743,7020.8359,9759.5781,7161.5645,6314.7017,7962.6318,7113.8901,6401.915,8843.3076,10403.49,8758.5977,8844.0361,9431.2227,9533.6475,10407.316,7332.77,8384.5918,7326.8672,7166.6704,8495.1396,10322.678,8451.7246,6181.832,7270.4448,8445.8574,6297.4844,8937.4658,5169.6045,6969.5938,8819.6533,8935.8711,6802.189
Xerotyphlops_vermicularis,8938.2646,12009.445,7110.2905,9350.0137,11610.158,7153.2153,9591.7275,10267.778,7414.0684,9862.874,9429.0195,7543.0693,9532.4199,9482.7979,8157.127,9307.6992,9243.4629,8285.6973,9299.2129,8244.2773,7584.0352,9356.957,8634.9854,7835.418,9412.2754,7638.0913,7833.0957,8686.3711,12030.737,7133.5684,8277.5283,11547.391,7167.4346,8144.3223,10360.287,7331.123,7841.4746,9295.1426,7610.7998,8181.9067,9498.9961,8086.189,8348.083,9216.9619,8224.0635,8474.4219,8206.5654,7507.2646,8338.6855,8580.4463,7823.2969,8393.9053,7673.7656,7785.4844,8492.25,8505.2783,7185.7759,8402.3359,8282.1729,7410.0591,8683.9033,8514.7285,7247.2842,8807.457,8711.9268,7262.2114,8989.6816,8714.6777,7287.9082,9126.8301,8500.5664,7294.6133,9298.7031,8556.3271,7235.1685,9343.9141,8346.6855,7462.3408,8739.917,8260.2256,7320.6826,9045.2012,8278.2275,7325.4888,8837.1738,8089.6416,8530.5537,8869.9141,8234.7061,7652.4521,8935.877,8243.1895,7666.0508,8794.0352,8232.7422,7664.7827,9028.0781,8269.8291,7691.0068,8670.5068,8258.3398,7698.0342,9064.0713,8302.3525,7719.0078,8646.9375,8276.2988,7710.521,9106.4756,8327.9678,7745.812,8606.9102,8298.7227,7722.4956,9149.3242,8350.9766,7756.8633,8565.0703,8328.9141,7742.916,8870.0381,8251.7959,7701.626,8867.9971,8287.4092,7679.4253,8802.9307,10043.112,8032.5532,8816.8867,9115.2852,8428.7256,8827.1885,8958.2041,8114.7437,8830.2578,8647.9463,8574.377,8854.6436,7650.2871,8190.4912,8936.3447,8234.4199,7615.9629,8786.3467,8221.7617,7614.6182,8987.7061,8256.9766,7682.5283,8723.0557,8250.4268,7683.4346,9152.1348,8128.5171,7573.0596,8614.4385,8133.083,7556.4507,8812.915,9837.9893,8276.2988,8831.0127,9355.2969,8497.4932,9478.7305,8527.8545,8274.4619,8227.2979,8518.8721,8239.1602,9109.4834,8491.2197,7385.5254,8666.334,8481.8857,7365.4072,8878.1709,7599.0601,7526.271,8877.9961,8861.6123,7452.792
Ablepharus_kitaibelii,8877.8027,14077.243,7261.4932,9369.373,13788.561,7136.3203,9205.7266,11209.05,6669.645,9898.8564,9900.8086,6614.6816,9428.8516,9675.4668,7962.187,9477.5254,9527.1025,8009.9053,9854.4697,8791.5908,7661.2373,9546.2471,9170.5928,8175.5103,9567.1934,6423.6826,8244.751,8620.5752,14035.681,7280.564,8240.8066,13730.585,7227.647,8380.1201,11299.79,6639.2944,7701.0244,9813.8701,6602.748,8184.5674,9575.9658,7852.6733,8159.2744,9471.834,8009.29,7844.8672,8634.1855,7552.6431,8100.8594,9032.5234,8160.0425,8616.6406,6308.4248,8245.124,8016.8052,8942.5342,6680.8184,7885.3447,8842.5771,6892.0859,8289.5586,8783.0332,6851.8364,8679.3555,8833.8994,6976.1113,8942.5176,8827.6504,6941.2266,9311.7988,8811.8916,6851.0313,9514.9209,9049.2891,6642.4536,9684.0576,8856.3574,6844.8359,8499.8711,8143.8862,6943.3687,9208.3164,8213.5361,6934.2314,8978.7363,7494.6064,9044.4531,8915.7822,7899.2837,7392.4683,9091.2949,7932.1392,7418.8872,8711.4121,7906.2329,7443.48,9225.4033,8012.2842,7719.208,8593.4736,7977.3408,7753.7358,9286.958,8044.604,7892.5894,8541.1133,7981.9346,7915.481,9316.2275,8062.5171,8054.2686,8481.1621,7982.3896,8068.917,9366.1855,8050.3296,8216.6855,8449.0693,7968.0405,8220.8115,8930.915,7385.9014,7590.5972,8920.9932,7695.354,7672.7583,8855.2754,10690.449,7544.7461,8841.5781,9439.6104,8721.2813,8821.5947,8997.0615,8467.4082,8895.9561,8352.3594,9104.25,9067.9893,6561.4087,8547.9668,9074.9492,8068.7236,7871.6152,8738.7256,8043.814,7908.79,9209.3779,7966.9023,7566.6279,8632.4922,7921.1816,7536.9219,9168.0273,8035.4761,7617.5688,8643.6299,7991.7139,7655.3691,8852.9473,10334.346,8128.623,8840.9404,9618.9375,8720.0176,9657.002,8184.4302,8573.2578,8156.2339,8096.4946,8660.5889,9704.9014,8544.9717,7043.5146,8024.624,8439.5146,7049.5288,9106.7646,6171.0674,8013.4932,8833.0107,8896.958,7425.3496
Agama_agama,9171.418,18978.512,7402.7983,9567.2598,18540.172,7176.3218,8987.5713,13218.839,6171.8394,11777.726,10701.201,5597.3662,11069.98,10984.463,7752.9106,10907.766,10483.372,8393.0488,11795.514,8888.5137,6325.0176,11267.702,10021.536,8392.1875,9900.0566,5012.4902,7788.1709,8304.4473,19011.049,7561.9282,7757.2744,18582.295,7691.4067,7989.5283,13225.921,6426.77,5290.6924,10987.386,6836.5796,6633.1475,11134.224,8704.9414,7243.7837,10532.072,9275.8359,5644.9736,9444.3652,8082.979,6884.6528,10162.835,9311.3086,7918.0605,5046.439,8225.9043,7073.6538,10014.029,5387.5293,5716.7861,9531.8604,6685.9219,7243.3574,8973.5088,6306.8213,8038.7925,9199.1309,6269.416,8882.4443,9146.0713,6116.6475,9671.3652,8857.0801,5816.9707,10103.516,10024.23,4842.5454,11371.745,9376.4395,5643.9014,6297.5088,8580.8447,6656.1387,10682.788,8453.2773,5705.4155,9445.8926,5948.6953,10595.952,8527.3486,8574.167,6103.4985,8928.3184,8478.96,5883.8784,7961.5581,8459.8711,6116.1206,10149.35,7780.9043,6489.6587,7225.6401,7754.729,7244.4858,10605.308,7349.4941,7252.6157,7083.5762,7448.0947,7932.2881,10443.534,7533.0859,7980.0991,7481.4063,7548.5195,8626.5342,10701.594,7499.8169,8478.6777,7468.1865,7547.0869,9082.7646,8820.7656,6547.981,7468.4175,8955.082,7177.98,7936.9648,8884.6885,11938.658,7775.1743,9380.3525,9893.8262,10616.75,9192.5186,9515.6113,9710.7266,9500.75,8103.8979,10718.709,9144.0107,4661.5679,8814.332,9445.6484,7821.6196,8162.7012,8464.4004,7864.377,8383.9033,9845.248,8111.5103,6008.7373,7320.4106,8095.7432,6535.7031,10686.878,7825.0977,7230.4077,6886.7754,8015.4507,8056.1821,9157.0488,11537.743,9095.8477,9429.4912,10271.528,10789.645,11179.559,7180.5244,9336.8682,7394.9961,7308.5815,10227.827,11489.139,9098.2773,5861.9282,5705.6548,9086.167,7041.5464,8733.6855,5324.6743,7501.8779,8811.3027,9687.9414,7653.5757
Chalcides_sepsoides,8834.5732,13687.34,7327.8877,9532.5918,12808.768,7080.5493,9536.0117,11455.546,7029.4077,9923.7305,10149.378,7066.0708,9702.748,9663.7656,8000.7617,9647.2119,9553.8672,8103.5024,9755.9551,8831.6289,7279.1606,9646.6475,8951.7363,7747.2539,9508.4121,6529.8823,8049.0391,8660.8271,13686.766,7328.8115,8015.5669,12762.625,7035.5054,8013.2959,11404.833,6940.1406,7683.7402,10096.279,7071.0469,7988.5747,9603.9268,7946.2397,8056.2217,9523.582,8037.3159,7951.5503,8826.0254,7209.2134,8048.3047,9003.1445,7735.8955,8287.0166,6570.2319,8074.8984,8445.9043,9335.6152,6353.7764,7960.5039,8919.665,7063.8926,8415.7158,8752.2988,6688.5,8707.5186,8838.1816,6627.6333,8994.0742,8844.2842,6637.7881,9360.3691,8769.4902,6715.6494,9311.8057,9323.5029,6370.9248,9801.6699,8948.0293,7180.7271,8500.6729,8475.6348,6724.0283,9305.6709,8530.876,6724.0923,8884.7559,7258.2339,9065.4199,8889.3359,7801.9331,7176.793,8961.9209,7805.5664,7170.6016,8816.2324,7796.3965,7176.9209,9161.5977,7924.3452,7411.4375,8578.9824,7923.9961,7419.3643,9122.1611,7876.6338,7643.5981,8642.5635,7869.2295,7616.7324,9278.4951,8056.3003,7937.3506,8452.2217,8057.8516,7946.1143,9317.0342,8110.0527,8030.5815,8419.1885,8093.6206,8040.4316,8881.4609,7261.5913,7681.3594,8886.6133,7428.7622,7637.3086,8825.4648,10830.718,7841.8262,8827.292,9572.2539,8934.9424,8855.6289,9385.7959,8673.6992,8809.9785,8130.6553,9241.5625,8912.4619,6578.3164,8525.1641,8948.0811,7907.8809,7565.748,8757.6357,7919.7632,7595.853,9179.4609,7928.335,7290.4834,8585.9385,7918.2617,7288.6787,9051.2607,8171.5581,7030.2407,8752.6973,8162.77,7030.9082,8842.96,10631.167,8077.5313,8837.8652,9715.7168,8964.5898,9713.7168,8346.0078,8592.709,8013.7568,8348.7139,8505.4424,9518.2246,8675.6074,6823.3975,8250.4336,8660.6377,6797.2026,8879.418,6449.1465,7595.3667,8840.0605,9208.5156,7302.6797
Hemiergis_quadrilineata,8913.6934,12106.843,7413.0557,9178.4873,11853.558,7368.4478,9167.9824,10747.408,7170.957,9918.6836,9877.6465,7410.0366,9509.4189,10061.168,8006.1128,9612.1094,9539.7813,7913.6704,9840.7275,9250.8154,7298.2378,9637.7705,9297.1641,7831.7256,9212.4355,7857.8442,7606.6899,8746.2852,12096.164,7397.6709,8508.7725,11862.457,7359.6113,8512.248,10749.411,7144.2378,7745.208,9937.2354,7419.313,8210.4932,10066.896,8000.4854,8050.3076,9530.4141,7908.9092,7835.8555,9333.8711,7332.3198,8003.7686,9362.4814,7807.4839,8377.0977,7864.4692,7671.189,8492.0137,9347.3232,6828.2324,7905.2173,9410.6719,7107.6289,8340.5244,9322.1924,6880.0215,8679.3115,9298.083,6888.1694,8980.2832,9278.1846,6923.7813,9291.4316,9299.625,6886.9326,9140.2402,9368.1484,6862.8569,9790.7705,9429.0654,7167.1318,8358.5723,9005.2822,6877.5391,9298.6992,8977.0459,6897.4585,8796.2373,7999.7495,8441.5205,8837.7354,8533.3506,7219.3057,9065.5908,8506.0771,7235.2349,8582.6631,8513.9102,7235.2041,9237.4434,8610.7568,7456.5996,8402.582,8616.4004,7459.4297,9221.3145,8680.7842,7573.4287,8418.7832,8682.8369,7557.7627,9172.2813,8703.8662,7659.5854,8464.5742,8712.9131,7684.2026,9167.9189,8706.6533,7792.8096,8476.5068,8690.7783,7793.9282,8819.9619,8490.4697,7645.5098,8818.8018,8706.6514,7591.0547,8846.2148,10427.916,7731.4111,8807.8848,9537.4121,8403.2852,8783.7354,9447.6348,8351.3174,8852.9902,8906.8672,8698.7324,8835.0303,7796.9263,7915.3398,8959.7109,8707.4795,7582.3149,8683.3291,8707.0439,7573.1602,9223.5879,8556.0381,7339.2051,8428.8545,8559.6719,7366.4463,9061.9834,8511.5527,7165.791,8638.6875,8514.6367,7160.9087,8819.5684,10365.29,8049.3774,8816.2119,9625.9854,8427.6895,9542.7295,8928.9541,8112.1885,8110.9175,8962.0771,8104.481,9747.4844,9339.5723,7085.5693,7907.3687,9359.3096,7108.7754,8796.7568,7932.6978,7297.6396,8835.1025,9470.4248,7263.1348
Hydrophis_platurus,9456.5117,14960.362,6592.5303,9803.6201,14115.493,6401.2793,9716.2617,12518.998,6947.3804,10581.44,10711.445,6639.062,10082.931,10591.359,8099.083,10091.738,9703.208,8117.5693,10256.172,9088.3594,7292.729,10121.273,9270.0605,7812.7412,9496.1211,5126.8027,8048.5796,8581.2285,14960.931,6591.7446,8151.0283,14104.796,6421.6367,8151.8984,12556.776,6943.2344,7122.8496,10837.354,6773.7695,7715.4131,10730.898,8136.8945,7680.3457,9845.9004,8143.5313,7383.8887,9120.6885,7271.3667,7593.3398,9359.0391,7795.2568,7930.6768,5218.8174,8008.0859,7950.6777,10273.56,6353.0859,7471.1934,9675.1553,7717.6816,7774.7842,9733.2217,6789.5791,8579.0195,10086.769,6804.4199,9027.1885,10123.663,6786.5625,9868.791,9644.959,6772.6255,9777.6855,10244.254,6281.6899,10192.08,9638.541,7856.9009,8164.8843,8664.7148,6512.9204,9437.9551,8571.9492,6501.8076,8712.4014,6201.5273,9550.8467,8784.5684,6637.167,7533.2256,8972.3955,6705.2148,7569.728,8564.9463,6717.6206,7568.895,9467.916,6972.0898,7810.9619,8031.395,7062.5767,7848.2197,9672.4092,7326.1475,7927.5454,7888.2422,7380.0259,7921.2275,9556.8857,7743.394,7869.687,7992.0225,7766.7036,7839.9727,9329.6367,7944.9346,7812.418,8214.4033,7938.4497,7763.3926,8777.2783,7404.6143,7805.5381,8781.5684,7749.25,7313.3379,8910.1016,11264.432,7971.7891,8884.7383,9623.6201,9158.9258,8851.7832,9336.3066,8854.8691,8779.874,7613.1548,9592.0029,8700.3213,5055.8491,8658.1475,8953.4219,8039.9751,7666.085,8616.8379,8091.541,7792.2363,9184.4326,6832.562,7743.6655,8360.0508,6848.1782,7703.5923,9208.7285,7886.814,7304.7563,8345.4814,7924.0479,7301.606,8903.1572,10911.597,8558.6074,8914.4238,9946.0098,9213.2109,10149.8,7330.0112,8461.001,7358.0693,7389.251,8384.1338,10165.9,9208.9365,6962.415,7512.4038,9279.5723,6986.8291,8659.3086,5100.5801,7265.4854,8853.1748,9700.627,7415.313
Boaedon_fuliginosus,9404.0664,14512.002,7433.7534,9907.4023,13997.953,7336.6206,9853.2891,11799.383,7359.7656,11466,9925.9463,7614.8901,10453.145,9946.9922,8882.1504,10074.806,8996.7441,8087.7666,10272.846,8308.5557,7127.1128,10218.118,8374.7656,7662.0806,9589.2891,5523.8389,7217.5601,8268.1709,14511.782,7449.1045,7810.0156,13965.15,7400.6084,7770.939,11774.468,7325.1821,6185.9541,9846.2764,7559.6909,7191.2485,9850.6445,8888.7139,7634.5928,9045.9707,8089.3037,7402.5864,8353.3711,6954.4438,7507.0444,8356.7705,7604.4658,7992.4194,5463.4253,7347.437,8131.6885,10160.367,6266.1201,7055.3501,8782.8232,7724.252,7670.458,9380.5811,6596.6025,8719.9697,9477.1689,6519.6992,8963.0781,9479.21,6497.4351,10002.761,9393.627,6552.8906,9552.5313,10164.906,6266.1587,10470.925,8814.0615,7511.5498,8048.0005,8595.4209,6220.3188,9499.6006,8569.6514,6209.5005,8857.1162,6400.2319,8851.5752,8813.0146,6543.3638,6797.3228,9071.5371,6525.311,6793.8486,8581.8398,6538.5381,6797.6406,9287.1826,6733.9771,7117.874,8390.4111,6759.6665,7123.0229,9303.2158,6993.4092,7289.9072,8378.1855,6980.6875,7257.6982,9430.9102,7207.6821,7403.8428,8267.8672,7171.9961,7373.2402,9522.291,7431.1641,7475.7646,8154.3604,7421.9795,7433.2446,8853.3154,6939.7026,7351.8691,8845.874,7381.1924,6623.061,8810.877,11150.788,8290.8838,8893.376,9033.8398,9184.7559,8844.2744,8758.3906,8811.291,8875.8701,7874.5347,9086.1504,8813.8545,5219.9907,7896.355,9017.9717,7396.9131,6888.2939,8594.1621,7389.5742,6894.2539,9257.5791,6633.4888,6917.1978,8423.2559,6637.6108,6884.0586,9339.6621,7849.7056,6454.1797,8298.5566,7863.1943,6441.4756,8823.6992,10602.837,8665.8916,8872.5361,9321.0879,9324.9746,10140.875,7466.9199,8236.8428,7517.9702,7434.9131,8221.3008,9997.8047,9107.6553,6638.9507,7705.2012,9064.4961,6589.5513,8781.5615,5539.2681,6746.9878,8843.0752,9209.5762,6992.0723
Chrysopelea_ornata,9731.0527,17894.77,7755.1924,10437.35,17217.76,7594.8564,9761.0293,12889.024,6946.0205,12298.9,10265.047,7619.7505,10806.666,10150.792,9268.0859,10468.622,8889.4639,9012.959,11421.3,8802.7207,7259.8701,11065.258,8678.5176,8427.3516,10010.555,4032.4487,7581.1279,7964.5332,17923.592,7733.3477,7331.7168,17289.211,7593.6479,7914.3921,12851.281,6964.6826,5345.2593,10410.867,7514.6431,6811.1729,10116.124,9207.2637,7170.0024,8816.2813,9008.0068,6209.1563,8905.1211,7222.8369,6526.2305,8731.8066,8297.5811,7570.4199,4060.9441,7585.5693,7161.5132,10229.281,5686.2676,6285.2778,9587.5195,6391.7041,7324.6426,9741.7637,5872.3535,8437.8994,9818.3418,5961.1938,9178.4189,9853.0859,6050.1162,10192.427,9701.2412,5883.6406,10528.088,10193.653,5709.2314,11196.626,9563.3818,6321.5605,7832.6602,8526.5332,5741.6104,10066.397,8562.3291,5805.314,8764.6748,5444.7505,9505.7949,8765.7334,4993.1387,6818.5112,9131.4121,4942.9453,6950.3379,8455.9922,4948.7847,6930.0562,9606.2305,5550.96,7393.6558,8047.7427,5617.7734,7372.4824,9659.9033,6099.6509,7606.6934,7995.7114,6034.9644,7585.6309,9812.3047,6448.2397,7793.6138,7799.6226,6398.1475,7756.7788,9963.4346,6753.5903,7923.9268,7668.7676,6709.2866,7918.9224,8826.3525,6040.0908,7502.668,8882.541,6694.8901,6735.915,8900.1689,12411.12,7732.5933,8905.0215,9203.8398,9709.1201,8871.2393,8697.8779,9265.5166,8788.1201,6706.2568,9760.9648,8842.8076,3750.717,8150.061,9495.7324,6832.3726,7366.811,8181.5366,6805.7798,7351.8745,9382.623,5060.8286,7066.9766,8241.8457,5009.5176,7019.7207,9519.4443,6752.6313,6962.4014,8139.4961,6726.104,6963.9775,8894.9336,11619.792,8199.5313,8908.0947,9614.834,9912.1914,10866.803,6989.9595,8674.1396,6701.666,7062.4419,8693.5615,10997.138,9384.5107,6441.0928,6572.6113,9359.2881,6462.8115,8727.3076,3964.6448,6687.1006,8824.1055,9610.3643,6836.2666
Dasypeltis_gansi,9734.166,13993.778,6704.7568,10213.256,13413.111,6788.666,9884.0557,11354.188,7075.2437,11281.746,9907.4102,7734.4048,10041.28,10196.932,8789.248,9676.5322,9024.5146,8442.291,10099.927,8432.0537,7181.0308,10017.096,8444.4326,7779.1201,9257.7402,6462.2144,7967.543,8635.6563,14102.05,6684.3433,8123.832,13615.981,6738.272,8122.7451,11595.965,7057.9131,6492.5024,10270.687,7767.2412,7675.2427,10490.329,8778.2217,7831.8936,9156.9219,8442.1514,7344.0337,8584.0498,7233.9312,7448.0815,8672.2422,7789.7305,7985.376,6525.4751,7937.5303,7675.2471,9335.5693,6499.3677,7278.0889,8871.834,7469.646,8122.9375,9176.958,6563.3447,8532.335,9251.3057,6679.7622,8941.5488,9236.4922,6636.6934,9446.8438,9038.5156,6558.085,9837.165,9176.0205,6483.4282,10237.17,8688.625,7541.9121,8066.3179,8099.0767,6655.3408,9331.54,8000.9282,6648.459,8670.5361,7351.6699,9255.4268,8700.2539,7068.3813,7283.4956,8993.4971,6960.5142,7335.2202,8389.791,7021.4097,7283.6289,9233.3301,7321.7881,7781.022,8148.6133,7356.877,7751.748,9329.7061,7566.6812,7930.2124,8086.6958,7630.0933,7897.6895,9410.0039,7729.3105,7963.0649,8024.3506,7831.5313,7962.0566,9461.8662,7867.9204,7949.3433,7985.6323,7971.4375,7948.0327,8665.2803,7421.709,7786.9482,8727.2246,7783.3945,7290.2222,8934.4824,11232.907,7938.3896,8754.4805,9385.2051,9048.9014,8735.4033,9049.083,8744.0264,8684.1035,8308.2529,9284.9014,8636.7871,6547.9922,8602.623,9059.9307,7804.5117,7332.3779,8316.4795,7829.1851,7288.3994,9163.292,6982.9194,7440.2778,8151.2598,7060.4053,7407.3735,9260.8145,7768.7231,6845.874,8111.3188,7843.6748,6862.3462,8897.8916,10677.603,8275.5898,8772.1582,9648.4893,9094.1201,9919.667,8248.3809,8530.4531,7474.8838,8506.6738,8349.3252,10063.117,8609.0146,6830.9736,7549.4575,8747.748,6699.811,8569.8984,6353.1704,7507.7549,8821.4697,9364.6611,7143.2441
Epicrates_cenchria,9601.8096,18700.846,6834.519,10960.408,17406.094,6602.7461,10665.047,14216.079,6851.9746,13161.85,10528.698,7569.5356,11037.559,10839.131,10336,10166.448,9592.2529,9095.96,10747.076,7372.0835,7033.0552,10996.977,8064.479,7808.8267,10255.432,3144.4111,8141.1055,7523.3306,18700.9,6737.9683,6201.0083,17191.627,6528.6357,6743.8633,14163.939,6663.9844,4371.2075,10193.415,7282.8364,6496.2964,10662.094,10216,7379.2422,9487.1387,8888.5938,7142.5161,7230.6113,6930.6855,6796.207,7899.7358,7737.2549,7921.2603,3028.1926,8192.6563,6895.291,10504.311,5047.6211,6491.4106,8214.1943,7544.7051,7833.9258,9471.0605,5609.6855,8419.8408,9867.9014,5842.5347,9425.0156,9914.2305,5748.7759,10163.461,9487.21,5707.5127,10926.329,10504.543,5132.6582,11243.449,8396.4229,7437.7969,8188.4229,8605.7227,5319.1074,9698.7178,8621.0225,5397.9736,8958.2998,4431.0645,10446.352,8990.9814,4958.7417,7090.9277,9270.6475,5004.3579,7166.1289,8618.6016,5028.9604,7199.4814,9677.7051,5388.5801,7477.9673,8232.6445,5357.644,7487.8242,10005.688,5648.4287,7672.96,7918.1504,5612.0977,7689.3906,10280.49,6069.7793,7761.8306,7611.3467,6016.876,7725.3105,10502.158,6613.7207,7789.3091,7393.9722,6492.8774,7759.874,8990.9717,5851.606,7329.2173,8934.5215,6543.0469,6603.0054,8667.3174,12284.89,9019.1563,8799.5361,9656.2432,9994.0254,8823.499,9026.9463,9440.4092,8964.3799,6397.8599,10501.286,9032.6494,2651.6538,9277.7598,9641.958,6487.6655,6688.8027,8254.4346,6513.3481,6711.2285,9483.4824,5158.832,7369.9668,8424.0869,5165.4272,7336.3145,9733.6211,7041.5332,6223.7813,8170.9512,6999.708,6176.3213,8679.8301,11965.34,9540.6455,8812.0576,10375.438,10243.787,11121.449,7000.4692,8731.0137,6763.4531,6951.5186,8871.332,10529.869,8940.6855,5861.6504,7494.0122,8949.917,5726.8574,9027.375,3277.9978,7129.4453,8858.6895,9903.3369,6753.6543
Phelsuma_grandis,9354.1084,16004.669,7177.2847,9864.4512,14913.389,6958.5806,9684.0088,11619.041,6643.6621,11084.8,9360.3213,6620.4517,10599.063,9480.1289,8082.0957,10314.678,9070.2383,8193.1221,10942.494,8527.8145,7278.5732,10373.93,8628.3262,8217.5176,9633.6533,5680.6152,8643.5244,8234.8965,15971.604,7237.3125,7658.0488,14990.025,7048.7319,7876.1284,11643.987,6614.9126,6535.9312,9343.4531,6637.6069,7202.0928,9358.4531,8211.1094,7477.5552,9007.9512,8240.3857,6684.9326,8326.0479,7289.3472,7367.8081,8520.3623,8260.6836,8117.8994,5597.541,8681.8291,7311.5962,8818.4004,5956.3857,6775.2852,8544.1738,6674.4312,7388.1738,8329.8516,6260.8911,8409.7773,8543.0225,6448.6865,9098.4219,8628.7441,6385.4258,10262.725,8407.9238,6268.8955,10346.11,8798.6152,6023.1426,10756.3,8603.5156,6557.4951,7658.6235,7882.6138,6370.6294,10093.877,7903.5942,6355.7813,8914.7656,6457.1147,10050.26,8838.7197,7283.9448,7120.4941,9178.5,7087.2749,7191.0557,8555.9717,7071.3975,7190.3652,9745.6094,7178.7896,7622.4199,7950.9424,7127.1626,7710.8823,9796.6719,7364.0322,8057.604,7926.9248,7313.2158,8059.0176,9808.748,7375.9048,8281.7813,7910.2188,7304.7192,8298.5762,9818.4785,7399.9536,8438.9063,7888.6914,7355.3804,8512.3496,8894.96,6644.0498,8411.4785,8885.877,7243.4282,8263.5264,8846.499,10850.616,7410.4082,8969.7168,9403.7129,9232.2275,8917.8721,8889.4912,8875.0166,8970.7129,7601.6519,10129.652,8873.5996,5579.1768,9091.6846,9154.2402,7315.8823,8214.3965,8597.9609,7308.6021,8242.3145,9562.4258,7099.2925,7383.5762,8130.374,7046.0439,7414.9551,9624.8584,7197.0879,7509.4194,8053.585,7175.5664,7564.272,8888.0576,10303.741,8103.2324,8966.4092,9764.5566,9289.5879,10384.686,7969.2876,9059.2344,7450.373,7644.7852,9204.7656,10618.476,8334.2705,6560.5732,6966.8203,8335.2207,6709.1797,8881.958,5687.1914,8005.6147,8791.2549,8748.3281,7099.0859
Pogona_vitticeps,8857.1563,19942.367,6896.4629,9325.6445,19289.402,6761.4653,9526.0645,12967.393,5124.6299,11856.898,10844.808,5481.2324,11051.875,10900.073,7166.4385,10302.639,10798.292,8288.2813,11484.366,9658.998,7854.5967,10598.41,10187.11,8740.2461,9626.5742,4590.6138,9052.0596,7850.8438,19891.906,6865.1548,7443.4224,19487.346,6688.1836,8121.9878,12905.659,5034.8271,6394.709,10590.688,5130.8633,6727.4663,10768.192,6788.1821,7215.5527,10609.389,7879.8008,6111.6499,9521.9541,7486.2031,6935.1572,10019.153,8488.9824,7896.7231,4649.6704,8885.3066,7843.0073,10178.444,4242.041,6591.5493,9520.8691,6055.9902,7745.0239,9080.542,5595.4824,8639.3828,9221.9941,5845.4482,9511.5049,9275.8447,5750.8115,10407.001,9211.5713,5763.4492,10748.223,10294.981,4313.4321,11406.372,9622.9316,6128.5469,7156.353,8436.1387,5795.7559,10757.694,8663.7646,5887.0723,8529.8018,6084.5713,11155.638,8973.6162,8032.7271,6056.6729,9352.2354,7927.9458,6062.9443,8594.4424,7986.4956,6021.4248,10059.156,7513.9629,7107.6895,7681.9268,7404.4458,7011.6689,10380.638,7362.0044,8342.5752,7219.3379,7174.2681,8156.6646,10116.094,7437.0029,8937.0137,7337.9873,7197.6807,8678.335,10161.232,7465.8516,9168.4697,7322.1621,7396.9497,9020.0557,8783.2217,6579.6191,8822.0947,8834.8574,7104.5332,8723.2441,8922.8154,11671.244,7057.7578,8601.7979,10002.387,10192.121,8622.9561,9518.9863,10014.529,8464.8203,7805.1743,11196.296,8712.8525,4339.7275,9828.3164,9353.8135,7638.6807,8674.3311,8520.2969,7644.0186,8624.6709,9965.8613,7568.3467,6627.7412,7932.0557,7578.1084,6465.3145,9562.6973,7860.7153,7801.1606,7848.0889,7797.8101,7634.4238,8913.4932,11508.914,8113.8027,8560.5547,10519.387,10166.867,10695.977,7580.583,10179.012,6564.0161,7596.2515,9853.5811,11245.688,9139.8691,5981.249,6754.459,8974.7939,5888.479,8829.3516,4934.7661,8480.0928,8963.9961,9487.5088,7478.2295
Rieppeleon_brevicaudatus,9192.8027,12949.593,6752.915,9663.9014,12632.133,6743.3604,9816.7041,12365.367,6688.915,10468.308,11410.07,6999.3491,9797.9902,10625.253,7809.4902,9726.5664,10174.43,8006.811,10071.322,9108.5078,7265.9688,9794.9688,9458.7354,8240.0713,9255.1699,6737.5112,7397.0439,8405.3887,12920.4,6742.5947,7962.3013,12622.045,6745.2661,7758.0693,12308.66,6734.3496,7181.7983,11473.687,6957.0986,7874.5566,10597.186,7902.7485,8000.3237,10292.889,8126.8086,7544.4019,9217.8252,7447.9624,7912.0957,9516.4443,8176.1411,8308.0918,6838.855,7468.4683,8230.7959,10601.235,5660.2119,7715.6465,9866.9131,7306.9155,8252.7168,9740.0186,6295.1841,8565.7061,9822.4707,6484.5718,9214.8027,9821.502,6453.6694,9391.4697,9751.4053,6318.1738,9293.6396,10623.683,5639.0195,9959.2393,9836.5029,7124.3423,8400.6143,8751.8311,6377.1294,9185.9043,8695.8818,6357.6445,8837.2705,6958.5405,9212.9639,8839.5957,7892.0928,7072.5815,9057.6738,7920.8096,7104.957,8604.1621,7928.3428,7091.8848,9325.8906,8079.4053,7546.3003,8345.8887,8125.2886,7706.8857,9481.0732,8203.8115,7992.8984,8217.1406,8252.6973,8077.8848,9545.4658,8256.3359,8469.5303,8166.249,8279.4824,8549.0508,9635.375,8316.9277,8630.5195,8092.0454,8310.8789,8696.8662,8874.2705,7763.7119,8195.3701,8875.9717,8277.3398,8350.2764,8774.5146,11002.056,7849.9395,8836.1484,9714.1641,9119.8613,8827.9277,9363.6025,9014.0508,8849.3672,8440.1387,9694.3057,8796.4404,6530.6519,7971.8486,8978.5557,8250.4102,8047.8262,8751.8643,8251.8779,8049.3506,9198.5,7929.5913,7209.917,8437.3379,7977.1567,7205.7285,9138.876,8130.896,7322.6572,8478.6426,8164.4331,7455.9375,8762.8193,10454.21,8567.4375,8842.4307,10000.897,9105.6934,9874.0625,8200.667,9030.7275,7883.9829,8120.8428,9208.6221,9776.9697,9648.9033,6793.8428,8008.8389,9571.4121,6605.293,8778.4854,6897.9575,7064.3125,8831.4316,9572.1592,7257.7773
Python_regius,10349.11,19557.555,8204.6279,11550.8,18351.346,7926.376,11284.653,15995.933,7673.3433,12482.5,12673.241,7680.0889,11317.76,12380.283,9861.8594,10490.466,10904.749,9665.4307,11008.965,10672.132,6746.4424,11016.619,10315.109,7828.3218,9971.9219,4831.4365,7372.2813,8493.3125,19718.979,8296.7783,7194.8643,18422.23,7970.0635,7197.5366,16379.689,7787.6411,5428.3198,12611.14,7919.9312,6515.9307,12421.548,9834.7148,7079.1235,11284.003,9458.0566,6882.104,10978.193,6537.123,6740.3213,10489.731,7795.7871,7168.4385,4935.563,7738.9897,7964.1836,12829.798,5624.7075,6603.2905,10834.049,7628.7256,7488.6191,11792.052,6109.7817,8463.9395,12122.939,5941.5498,9482.209,12101.727,5940.2505,10325.521,11664.62,6084.2334,10067.436,12758.987,5600.3047,11299.025,10597.964,7685.0674,8187.998,10862.062,5486.0356,9680.542,10840.388,5528.5552,8716.916,6216.104,10555.429,8730.876,7076.1138,6744.6733,8865.6816,7018.8057,6975.6895,8502.3633,6971.1279,6973.6992,9404.2656,7542.9834,7621.2217,8083.6973,7517.8164,7492.9395,9869.5518,7826.7578,7835.7402,7733.6177,7848.6904,7757.6431,10186.473,8251.2363,7972.3008,7482.7881,8168.2261,7887.9697,10259.082,8582.0557,7851.1289,7266.6968,8594.7266,7964.6973,8733.917,7737.0718,7042.1797,8800.0596,8207.9678,6176.9707,9261.4863,14637.238,9876.9199,8989.959,10539.911,10940.563,8930.1826,9832.7949,10537.068,8791.6943,8327.9121,11024.328,8667.1377,4603.3647,9015.1055,9420.6484,8272.5068,6543.8945,8008.0703,8372.1182,6624.5498,8976.2734,7127.6396,7243.1548,8256.5215,7186.0835,7252.0728,9476.4854,9209.1055,5894.6445,8074.728,9255.8496,5900.4634,9174.1143,13734.188,10375.385,9006.8633,11551.542,11214.971,11314.514,8122.1934,9092.5479,6260.1802,8244.8027,9172.665,10816.223,10994.24,6388.6489,7137.5757,11343.55,6257.9487,8570.29,4941.1528,6406.7627,8954.7334,11779.025,6987.4214
